fraud_type,Zone_01,Zone_02,Zone_03,Zone_04,Zone_05,Zone_06,Zone_07,Zone_08,Zone_09,Zone_10
Account Takeover,5.82,7.2700000000000005,9.42,12.770000000000001,4.55,4.51,25.080000000000002,23.25,1.27,6.069999999999999
Card Fraud,6.47,8.290000000000001,9.139999999999999,12.790000000000001,3.3300000000000005,3.49,28.63,19.950000000000003,1.3599999999999999,6.550000000000001
Identity Theft,5.609999999999999,8.28,9.370000000000001,13.969999999999999,3.26,4.52,25.19,23.18,1.76,4.8500000000000005
Investment Scam,7.02,7.920000000000001,8.3,12.520000000000001,3.83,4.47,23.82,25.990000000000002,0.89,5.24
Loan Scam,4.96,8.459999999999999,9.92,12.68,3.5000000000000004,4.47,28.62,20.49,0.8099999999999999,6.1
Phishing,6.4399999999999995,7.5600000000000005,8.83,13.29,3.93,4.34,26.8,21.67,1.2,5.949999999999999
Remote Access,5.29,8.75,9.5,13.469999999999999,3.7800000000000002,4.41,28.449999999999996,19.82,1.32,5.220000000000001
SIM Swap,6.34,8.48,8.17,12.68,3.35,3.66,30.79,19.7,0.98,5.8500000000000005
UPI Fraud,6.63,7.46,9.16,12.870000000000001,3.9899999999999998,4.22,27.43,21.57,1.0,5.67
