model_id,actual_zone,predicted_zone,count,percentage_of_actual_zone
logistic_full_none,Zone_01,Zone_01,248,100.0
logistic_full_none,Zone_01,Zone_02,0,0.0
logistic_full_none,Zone_01,Zone_03,0,0.0
logistic_full_none,Zone_01,Zone_04,0,0.0
logistic_full_none,Zone_01,Zone_05,0,0.0
logistic_full_none,Zone_01,Zone_06,0,0.0
logistic_full_none,Zone_01,Zone_07,0,0.0
logistic_full_none,Zone_01,Zone_08,0,0.0
logistic_full_none,Zone_01,Zone_09,0,0.0
logistic_full_none,Zone_01,Zone_10,0,0.0
logistic_full_none,Zone_02,Zone_01,0,0.0
logistic_full_none,Zone_02,Zone_02,315,100.0
logistic_full_none,Zone_02,Zone_03,0,0.0
logistic_full_none,Zone_02,Zone_04,0,0.0
logistic_full_none,Zone_02,Zone_05,0,0.0
logistic_full_none,Zone_02,Zone_06,0,0.0
logistic_full_none,Zone_02,Zone_07,0,0.0
logistic_full_none,Zone_02,Zone_08,0,0.0
logistic_full_none,Zone_02,Zone_09,0,0.0
logistic_full_none,Zone_02,Zone_10,0,0.0
logistic_full_none,Zone_03,Zone_01,0,0.0
logistic_full_none,Zone_03,Zone_02,0,0.0
logistic_full_none,Zone_03,Zone_03,364,100.0
logistic_full_none,Zone_03,Zone_04,0,0.0
logistic_full_none,Zone_03,Zone_05,0,0.0
logistic_full_none,Zone_03,Zone_06,0,0.0
logistic_full_none,Zone_03,Zone_07,0,0.0
logistic_full_none,Zone_03,Zone_08,0,0.0
logistic_full_none,Zone_03,Zone_09,0,0.0
logistic_full_none,Zone_03,Zone_10,0,0.0
logistic_full_none,Zone_04,Zone_01,0,0.0
logistic_full_none,Zone_04,Zone_02,0,0.0
logistic_full_none,Zone_04,Zone_03,0,0.0
logistic_full_none,Zone_04,Zone_04,519,100.0
logistic_full_none,Zone_04,Zone_05,0,0.0
logistic_full_none,Zone_04,Zone_06,0,0.0
logistic_full_none,Zone_04,Zone_07,0,0.0
logistic_full_none,Zone_04,Zone_08,0,0.0
logistic_full_none,Zone_04,Zone_09,0,0.0
logistic_full_none,Zone_04,Zone_10,0,0.0
logistic_full_none,Zone_05,Zone_01,0,0.0
logistic_full_none,Zone_05,Zone_02,0,0.0
logistic_full_none,Zone_05,Zone_03,0,0.0
logistic_full_none,Zone_05,Zone_04,0,0.0
logistic_full_none,Zone_05,Zone_05,153,100.0
logistic_full_none,Zone_05,Zone_06,0,0.0
logistic_full_none,Zone_05,Zone_07,0,0.0
logistic_full_none,Zone_05,Zone_08,0,0.0
logistic_full_none,Zone_05,Zone_09,0,0.0
logistic_full_none,Zone_05,Zone_10,0,0.0
logistic_full_none,Zone_06,Zone_01,0,0.0
logistic_full_none,Zone_06,Zone_02,0,0.0
logistic_full_none,Zone_06,Zone_03,0,0.0
logistic_full_none,Zone_06,Zone_04,0,0.0
logistic_full_none,Zone_06,Zone_05,0,0.0
logistic_full_none,Zone_06,Zone_06,156,92.86
logistic_full_none,Zone_06,Zone_07,12,7.14
logistic_full_none,Zone_06,Zone_08,0,0.0
logistic_full_none,Zone_06,Zone_09,0,0.0
logistic_full_none,Zone_06,Zone_10,0,0.0
logistic_full_none,Zone_07,Zone_01,0,0.0
logistic_full_none,Zone_07,Zone_02,0,0.0
logistic_full_none,Zone_07,Zone_03,0,0.0
logistic_full_none,Zone_07,Zone_04,0,0.0
logistic_full_none,Zone_07,Zone_05,0,0.0
logistic_full_none,Zone_07,Zone_06,0,0.0
logistic_full_none,Zone_07,Zone_07,897,82.52
logistic_full_none,Zone_07,Zone_08,190,17.48
logistic_full_none,Zone_07,Zone_09,0,0.0
logistic_full_none,Zone_07,Zone_10,0,0.0
logistic_full_none,Zone_08,Zone_01,0,0.0
logistic_full_none,Zone_08,Zone_02,0,0.0
logistic_full_none,Zone_08,Zone_03,0,0.0
logistic_full_none,Zone_08,Zone_04,0,0.0
logistic_full_none,Zone_08,Zone_05,0,0.0
logistic_full_none,Zone_08,Zone_06,0,0.0
logistic_full_none,Zone_08,Zone_07,96,11.06
logistic_full_none,Zone_08,Zone_08,772,88.94
logistic_full_none,Zone_08,Zone_09,0,0.0
logistic_full_none,Zone_08,Zone_10,0,0.0
logistic_full_none,Zone_09,Zone_01,0,0.0
logistic_full_none,Zone_09,Zone_02,0,0.0
logistic_full_none,Zone_09,Zone_03,0,0.0
logistic_full_none,Zone_09,Zone_04,0,0.0
logistic_full_none,Zone_09,Zone_05,0,0.0
logistic_full_none,Zone_09,Zone_06,0,0.0
logistic_full_none,Zone_09,Zone_07,0,0.0
logistic_full_none,Zone_09,Zone_08,0,0.0
logistic_full_none,Zone_09,Zone_09,46,100.0
logistic_full_none,Zone_09,Zone_10,0,0.0
logistic_full_none,Zone_10,Zone_01,0,0.0
logistic_full_none,Zone_10,Zone_02,0,0.0
logistic_full_none,Zone_10,Zone_03,0,0.0
logistic_full_none,Zone_10,Zone_04,0,0.0
logistic_full_none,Zone_10,Zone_05,0,0.0
logistic_full_none,Zone_10,Zone_06,0,0.0
logistic_full_none,Zone_10,Zone_07,0,0.0
logistic_full_none,Zone_10,Zone_08,0,0.0
logistic_full_none,Zone_10,Zone_09,0,0.0
logistic_full_none,Zone_10,Zone_10,232,100.0
logistic_full_balanced,Zone_01,Zone_01,248,100.0
logistic_full_balanced,Zone_01,Zone_02,0,0.0
logistic_full_balanced,Zone_01,Zone_03,0,0.0
logistic_full_balanced,Zone_01,Zone_04,0,0.0
logistic_full_balanced,Zone_01,Zone_05,0,0.0
logistic_full_balanced,Zone_01,Zone_06,0,0.0
logistic_full_balanced,Zone_01,Zone_07,0,0.0
logistic_full_balanced,Zone_01,Zone_08,0,0.0
logistic_full_balanced,Zone_01,Zone_09,0,0.0
logistic_full_balanced,Zone_01,Zone_10,0,0.0
logistic_full_balanced,Zone_02,Zone_01,0,0.0
logistic_full_balanced,Zone_02,Zone_02,315,100.0
logistic_full_balanced,Zone_02,Zone_03,0,0.0
logistic_full_balanced,Zone_02,Zone_04,0,0.0
logistic_full_balanced,Zone_02,Zone_05,0,0.0
logistic_full_balanced,Zone_02,Zone_06,0,0.0
logistic_full_balanced,Zone_02,Zone_07,0,0.0
logistic_full_balanced,Zone_02,Zone_08,0,0.0
logistic_full_balanced,Zone_02,Zone_09,0,0.0
logistic_full_balanced,Zone_02,Zone_10,0,0.0
logistic_full_balanced,Zone_03,Zone_01,0,0.0
logistic_full_balanced,Zone_03,Zone_02,0,0.0
logistic_full_balanced,Zone_03,Zone_03,364,100.0
logistic_full_balanced,Zone_03,Zone_04,0,0.0
logistic_full_balanced,Zone_03,Zone_05,0,0.0
logistic_full_balanced,Zone_03,Zone_06,0,0.0
logistic_full_balanced,Zone_03,Zone_07,0,0.0
logistic_full_balanced,Zone_03,Zone_08,0,0.0
logistic_full_balanced,Zone_03,Zone_09,0,0.0
logistic_full_balanced,Zone_03,Zone_10,0,0.0
logistic_full_balanced,Zone_04,Zone_01,0,0.0
logistic_full_balanced,Zone_04,Zone_02,0,0.0
logistic_full_balanced,Zone_04,Zone_03,0,0.0
logistic_full_balanced,Zone_04,Zone_04,519,100.0
logistic_full_balanced,Zone_04,Zone_05,0,0.0
logistic_full_balanced,Zone_04,Zone_06,0,0.0
logistic_full_balanced,Zone_04,Zone_07,0,0.0
logistic_full_balanced,Zone_04,Zone_08,0,0.0
logistic_full_balanced,Zone_04,Zone_09,0,0.0
logistic_full_balanced,Zone_04,Zone_10,0,0.0
logistic_full_balanced,Zone_05,Zone_01,0,0.0
logistic_full_balanced,Zone_05,Zone_02,0,0.0
logistic_full_balanced,Zone_05,Zone_03,0,0.0
logistic_full_balanced,Zone_05,Zone_04,0,0.0
logistic_full_balanced,Zone_05,Zone_05,153,100.0
logistic_full_balanced,Zone_05,Zone_06,0,0.0
logistic_full_balanced,Zone_05,Zone_07,0,0.0
logistic_full_balanced,Zone_05,Zone_08,0,0.0
logistic_full_balanced,Zone_05,Zone_09,0,0.0
logistic_full_balanced,Zone_05,Zone_10,0,0.0
logistic_full_balanced,Zone_06,Zone_01,0,0.0
logistic_full_balanced,Zone_06,Zone_02,0,0.0
logistic_full_balanced,Zone_06,Zone_03,0,0.0
logistic_full_balanced,Zone_06,Zone_04,0,0.0
logistic_full_balanced,Zone_06,Zone_05,0,0.0
logistic_full_balanced,Zone_06,Zone_06,157,93.45
logistic_full_balanced,Zone_06,Zone_07,11,6.55
logistic_full_balanced,Zone_06,Zone_08,0,0.0
logistic_full_balanced,Zone_06,Zone_09,0,0.0
logistic_full_balanced,Zone_06,Zone_10,0,0.0
logistic_full_balanced,Zone_07,Zone_01,0,0.0
logistic_full_balanced,Zone_07,Zone_02,0,0.0
logistic_full_balanced,Zone_07,Zone_03,0,0.0
logistic_full_balanced,Zone_07,Zone_04,0,0.0
logistic_full_balanced,Zone_07,Zone_05,0,0.0
logistic_full_balanced,Zone_07,Zone_06,7,0.64
logistic_full_balanced,Zone_07,Zone_07,861,79.21
logistic_full_balanced,Zone_07,Zone_08,219,20.15
logistic_full_balanced,Zone_07,Zone_09,0,0.0
logistic_full_balanced,Zone_07,Zone_10,0,0.0
logistic_full_balanced,Zone_08,Zone_01,0,0.0
logistic_full_balanced,Zone_08,Zone_02,0,0.0
logistic_full_balanced,Zone_08,Zone_03,0,0.0
logistic_full_balanced,Zone_08,Zone_04,0,0.0
logistic_full_balanced,Zone_08,Zone_05,0,0.0
logistic_full_balanced,Zone_08,Zone_06,0,0.0
logistic_full_balanced,Zone_08,Zone_07,69,7.95
logistic_full_balanced,Zone_08,Zone_08,799,92.05
logistic_full_balanced,Zone_08,Zone_09,0,0.0
logistic_full_balanced,Zone_08,Zone_10,0,0.0
logistic_full_balanced,Zone_09,Zone_01,0,0.0
logistic_full_balanced,Zone_09,Zone_02,0,0.0
logistic_full_balanced,Zone_09,Zone_03,0,0.0
logistic_full_balanced,Zone_09,Zone_04,0,0.0
logistic_full_balanced,Zone_09,Zone_05,0,0.0
logistic_full_balanced,Zone_09,Zone_06,0,0.0
logistic_full_balanced,Zone_09,Zone_07,0,0.0
logistic_full_balanced,Zone_09,Zone_08,0,0.0
logistic_full_balanced,Zone_09,Zone_09,46,100.0
logistic_full_balanced,Zone_09,Zone_10,0,0.0
logistic_full_balanced,Zone_10,Zone_01,0,0.0
logistic_full_balanced,Zone_10,Zone_02,0,0.0
logistic_full_balanced,Zone_10,Zone_03,0,0.0
logistic_full_balanced,Zone_10,Zone_04,0,0.0
logistic_full_balanced,Zone_10,Zone_05,0,0.0
logistic_full_balanced,Zone_10,Zone_06,0,0.0
logistic_full_balanced,Zone_10,Zone_07,0,0.0
logistic_full_balanced,Zone_10,Zone_08,0,0.0
logistic_full_balanced,Zone_10,Zone_09,0,0.0
logistic_full_balanced,Zone_10,Zone_10,232,100.0
logistic_blind_none,Zone_01,Zone_01,0,0.0
logistic_blind_none,Zone_01,Zone_02,0,0.0
logistic_blind_none,Zone_01,Zone_03,0,0.0
logistic_blind_none,Zone_01,Zone_04,0,0.0
logistic_blind_none,Zone_01,Zone_05,0,0.0
logistic_blind_none,Zone_01,Zone_06,0,0.0
logistic_blind_none,Zone_01,Zone_07,195,78.63
logistic_blind_none,Zone_01,Zone_08,53,21.37
logistic_blind_none,Zone_01,Zone_09,0,0.0
logistic_blind_none,Zone_01,Zone_10,0,0.0
logistic_blind_none,Zone_02,Zone_01,0,0.0
logistic_blind_none,Zone_02,Zone_02,0,0.0
logistic_blind_none,Zone_02,Zone_03,0,0.0
logistic_blind_none,Zone_02,Zone_04,0,0.0
logistic_blind_none,Zone_02,Zone_05,0,0.0
logistic_blind_none,Zone_02,Zone_06,0,0.0
logistic_blind_none,Zone_02,Zone_07,226,71.75
logistic_blind_none,Zone_02,Zone_08,89,28.25
logistic_blind_none,Zone_02,Zone_09,0,0.0
logistic_blind_none,Zone_02,Zone_10,0,0.0
logistic_blind_none,Zone_03,Zone_01,0,0.0
logistic_blind_none,Zone_03,Zone_02,0,0.0
logistic_blind_none,Zone_03,Zone_03,0,0.0
logistic_blind_none,Zone_03,Zone_04,0,0.0
logistic_blind_none,Zone_03,Zone_05,0,0.0
logistic_blind_none,Zone_03,Zone_06,0,0.0
logistic_blind_none,Zone_03,Zone_07,277,76.1
logistic_blind_none,Zone_03,Zone_08,87,23.9
logistic_blind_none,Zone_03,Zone_09,0,0.0
logistic_blind_none,Zone_03,Zone_10,0,0.0
logistic_blind_none,Zone_04,Zone_01,0,0.0
logistic_blind_none,Zone_04,Zone_02,0,0.0
logistic_blind_none,Zone_04,Zone_03,0,0.0
logistic_blind_none,Zone_04,Zone_04,0,0.0
logistic_blind_none,Zone_04,Zone_05,0,0.0
logistic_blind_none,Zone_04,Zone_06,0,0.0
logistic_blind_none,Zone_04,Zone_07,399,76.88
logistic_blind_none,Zone_04,Zone_08,120,23.12
logistic_blind_none,Zone_04,Zone_09,0,0.0
logistic_blind_none,Zone_04,Zone_10,0,0.0
logistic_blind_none,Zone_05,Zone_01,0,0.0
logistic_blind_none,Zone_05,Zone_02,0,0.0
logistic_blind_none,Zone_05,Zone_03,0,0.0
logistic_blind_none,Zone_05,Zone_04,0,0.0
logistic_blind_none,Zone_05,Zone_05,0,0.0
logistic_blind_none,Zone_05,Zone_06,0,0.0
logistic_blind_none,Zone_05,Zone_07,108,70.59
logistic_blind_none,Zone_05,Zone_08,45,29.41
logistic_blind_none,Zone_05,Zone_09,0,0.0
logistic_blind_none,Zone_05,Zone_10,0,0.0
logistic_blind_none,Zone_06,Zone_01,0,0.0
logistic_blind_none,Zone_06,Zone_02,0,0.0
logistic_blind_none,Zone_06,Zone_03,0,0.0
logistic_blind_none,Zone_06,Zone_04,0,0.0
logistic_blind_none,Zone_06,Zone_05,0,0.0
logistic_blind_none,Zone_06,Zone_06,0,0.0
logistic_blind_none,Zone_06,Zone_07,128,76.19
logistic_blind_none,Zone_06,Zone_08,40,23.81
logistic_blind_none,Zone_06,Zone_09,0,0.0
logistic_blind_none,Zone_06,Zone_10,0,0.0
logistic_blind_none,Zone_07,Zone_01,0,0.0
logistic_blind_none,Zone_07,Zone_02,0,0.0
logistic_blind_none,Zone_07,Zone_03,0,0.0
logistic_blind_none,Zone_07,Zone_04,0,0.0
logistic_blind_none,Zone_07,Zone_05,0,0.0
logistic_blind_none,Zone_07,Zone_06,0,0.0
logistic_blind_none,Zone_07,Zone_07,869,79.94
logistic_blind_none,Zone_07,Zone_08,218,20.06
logistic_blind_none,Zone_07,Zone_09,0,0.0
logistic_blind_none,Zone_07,Zone_10,0,0.0
logistic_blind_none,Zone_08,Zone_01,0,0.0
logistic_blind_none,Zone_08,Zone_02,0,0.0
logistic_blind_none,Zone_08,Zone_03,0,0.0
logistic_blind_none,Zone_08,Zone_04,0,0.0
logistic_blind_none,Zone_08,Zone_05,0,0.0
logistic_blind_none,Zone_08,Zone_06,0,0.0
logistic_blind_none,Zone_08,Zone_07,624,71.89
logistic_blind_none,Zone_08,Zone_08,244,28.11
logistic_blind_none,Zone_08,Zone_09,0,0.0
logistic_blind_none,Zone_08,Zone_10,0,0.0
logistic_blind_none,Zone_09,Zone_01,0,0.0
logistic_blind_none,Zone_09,Zone_02,0,0.0
logistic_blind_none,Zone_09,Zone_03,0,0.0
logistic_blind_none,Zone_09,Zone_04,0,0.0
logistic_blind_none,Zone_09,Zone_05,0,0.0
logistic_blind_none,Zone_09,Zone_06,0,0.0
logistic_blind_none,Zone_09,Zone_07,30,65.22
logistic_blind_none,Zone_09,Zone_08,16,34.78
logistic_blind_none,Zone_09,Zone_09,0,0.0
logistic_blind_none,Zone_09,Zone_10,0,0.0
logistic_blind_none,Zone_10,Zone_01,0,0.0
logistic_blind_none,Zone_10,Zone_02,0,0.0
logistic_blind_none,Zone_10,Zone_03,0,0.0
logistic_blind_none,Zone_10,Zone_04,0,0.0
logistic_blind_none,Zone_10,Zone_05,0,0.0
logistic_blind_none,Zone_10,Zone_06,0,0.0
logistic_blind_none,Zone_10,Zone_07,177,76.29
logistic_blind_none,Zone_10,Zone_08,55,23.71
logistic_blind_none,Zone_10,Zone_09,0,0.0
logistic_blind_none,Zone_10,Zone_10,0,0.0
logistic_blind_balanced,Zone_01,Zone_01,27,10.89
logistic_blind_balanced,Zone_01,Zone_02,22,8.87
logistic_blind_balanced,Zone_01,Zone_03,22,8.87
logistic_blind_balanced,Zone_01,Zone_04,19,7.66
logistic_blind_balanced,Zone_01,Zone_05,24,9.68
logistic_blind_balanced,Zone_01,Zone_06,39,15.73
logistic_blind_balanced,Zone_01,Zone_07,21,8.47
logistic_blind_balanced,Zone_01,Zone_08,16,6.45
logistic_blind_balanced,Zone_01,Zone_09,45,18.15
logistic_blind_balanced,Zone_01,Zone_10,13,5.24
logistic_blind_balanced,Zone_02,Zone_01,31,9.84
logistic_blind_balanced,Zone_02,Zone_02,19,6.03
logistic_blind_balanced,Zone_02,Zone_03,28,8.89
logistic_blind_balanced,Zone_02,Zone_04,17,5.4
logistic_blind_balanced,Zone_02,Zone_05,42,13.33
logistic_blind_balanced,Zone_02,Zone_06,39,12.38
logistic_blind_balanced,Zone_02,Zone_07,27,8.57
logistic_blind_balanced,Zone_02,Zone_08,18,5.71
logistic_blind_balanced,Zone_02,Zone_09,74,23.49
logistic_blind_balanced,Zone_02,Zone_10,20,6.35
logistic_blind_balanced,Zone_03,Zone_01,31,8.52
logistic_blind_balanced,Zone_03,Zone_02,28,7.69
logistic_blind_balanced,Zone_03,Zone_03,27,7.42
logistic_blind_balanced,Zone_03,Zone_04,19,5.22
logistic_blind_balanced,Zone_03,Zone_05,47,12.91
logistic_blind_balanced,Zone_03,Zone_06,36,9.89
logistic_blind_balanced,Zone_03,Zone_07,34,9.34
logistic_blind_balanced,Zone_03,Zone_08,19,5.22
logistic_blind_balanced,Zone_03,Zone_09,94,25.82
logistic_blind_balanced,Zone_03,Zone_10,29,7.97
logistic_blind_balanced,Zone_04,Zone_01,46,8.86
logistic_blind_balanced,Zone_04,Zone_02,60,11.56
logistic_blind_balanced,Zone_04,Zone_03,46,8.86
logistic_blind_balanced,Zone_04,Zone_04,26,5.01
logistic_blind_balanced,Zone_04,Zone_05,53,10.21
logistic_blind_balanced,Zone_04,Zone_06,65,12.52
logistic_blind_balanced,Zone_04,Zone_07,51,9.83
logistic_blind_balanced,Zone_04,Zone_08,32,6.17
logistic_blind_balanced,Zone_04,Zone_09,110,21.19
logistic_blind_balanced,Zone_04,Zone_10,30,5.78
logistic_blind_balanced,Zone_05,Zone_01,8,5.23
logistic_blind_balanced,Zone_05,Zone_02,16,10.46
logistic_blind_balanced,Zone_05,Zone_03,11,7.19
logistic_blind_balanced,Zone_05,Zone_04,10,6.54
logistic_blind_balanced,Zone_05,Zone_05,16,10.46
logistic_blind_balanced,Zone_05,Zone_06,19,12.42
logistic_blind_balanced,Zone_05,Zone_07,6,3.92
logistic_blind_balanced,Zone_05,Zone_08,19,12.42
logistic_blind_balanced,Zone_05,Zone_09,34,22.22
logistic_blind_balanced,Zone_05,Zone_10,14,9.15
logistic_blind_balanced,Zone_06,Zone_01,12,7.14
logistic_blind_balanced,Zone_06,Zone_02,18,10.71
logistic_blind_balanced,Zone_06,Zone_03,12,7.14
logistic_blind_balanced,Zone_06,Zone_04,9,5.36
logistic_blind_balanced,Zone_06,Zone_05,16,9.52
logistic_blind_balanced,Zone_06,Zone_06,17,10.12
logistic_blind_balanced,Zone_06,Zone_07,22,13.1
logistic_blind_balanced,Zone_06,Zone_08,15,8.93
logistic_blind_balanced,Zone_06,Zone_09,35,20.83
logistic_blind_balanced,Zone_06,Zone_10,12,7.14
logistic_blind_balanced,Zone_07,Zone_01,99,9.11
logistic_blind_balanced,Zone_07,Zone_02,98,9.02
logistic_blind_balanced,Zone_07,Zone_03,89,8.19
logistic_blind_balanced,Zone_07,Zone_04,62,5.7
logistic_blind_balanced,Zone_07,Zone_05,133,12.24
logistic_blind_balanced,Zone_07,Zone_06,139,12.79
logistic_blind_balanced,Zone_07,Zone_07,115,10.58
logistic_blind_balanced,Zone_07,Zone_08,63,5.8
logistic_blind_balanced,Zone_07,Zone_09,228,20.98
logistic_blind_balanced,Zone_07,Zone_10,61,5.61
logistic_blind_balanced,Zone_08,Zone_01,79,9.1
logistic_blind_balanced,Zone_08,Zone_02,66,7.6
logistic_blind_balanced,Zone_08,Zone_03,71,8.18
logistic_blind_balanced,Zone_08,Zone_04,55,6.34
logistic_blind_balanced,Zone_08,Zone_05,88,10.14
logistic_blind_balanced,Zone_08,Zone_06,129,14.86
logistic_blind_balanced,Zone_08,Zone_07,61,7.03
logistic_blind_balanced,Zone_08,Zone_08,71,8.18
logistic_blind_balanced,Zone_08,Zone_09,192,22.12
logistic_blind_balanced,Zone_08,Zone_10,56,6.45
logistic_blind_balanced,Zone_09,Zone_01,2,4.35
logistic_blind_balanced,Zone_09,Zone_02,6,13.04
logistic_blind_balanced,Zone_09,Zone_03,5,10.87
logistic_blind_balanced,Zone_09,Zone_04,2,4.35
logistic_blind_balanced,Zone_09,Zone_05,8,17.39
logistic_blind_balanced,Zone_09,Zone_06,3,6.52
logistic_blind_balanced,Zone_09,Zone_07,2,4.35
logistic_blind_balanced,Zone_09,Zone_08,9,19.57
logistic_blind_balanced,Zone_09,Zone_09,6,13.04
logistic_blind_balanced,Zone_09,Zone_10,3,6.52
logistic_blind_balanced,Zone_10,Zone_01,22,9.48
logistic_blind_balanced,Zone_10,Zone_02,22,9.48
logistic_blind_balanced,Zone_10,Zone_03,16,6.9
logistic_blind_balanced,Zone_10,Zone_04,19,8.19
logistic_blind_balanced,Zone_10,Zone_05,26,11.21
logistic_blind_balanced,Zone_10,Zone_06,31,13.36
logistic_blind_balanced,Zone_10,Zone_07,18,7.76
logistic_blind_balanced,Zone_10,Zone_08,13,5.6
logistic_blind_balanced,Zone_10,Zone_09,51,21.98
logistic_blind_balanced,Zone_10,Zone_10,14,6.03
knn_full,Zone_01,Zone_01,248,100.0
knn_full,Zone_01,Zone_02,0,0.0
knn_full,Zone_01,Zone_03,0,0.0
knn_full,Zone_01,Zone_04,0,0.0
knn_full,Zone_01,Zone_05,0,0.0
knn_full,Zone_01,Zone_06,0,0.0
knn_full,Zone_01,Zone_07,0,0.0
knn_full,Zone_01,Zone_08,0,0.0
knn_full,Zone_01,Zone_09,0,0.0
knn_full,Zone_01,Zone_10,0,0.0
knn_full,Zone_02,Zone_01,0,0.0
knn_full,Zone_02,Zone_02,315,100.0
knn_full,Zone_02,Zone_03,0,0.0
knn_full,Zone_02,Zone_04,0,0.0
knn_full,Zone_02,Zone_05,0,0.0
knn_full,Zone_02,Zone_06,0,0.0
knn_full,Zone_02,Zone_07,0,0.0
knn_full,Zone_02,Zone_08,0,0.0
knn_full,Zone_02,Zone_09,0,0.0
knn_full,Zone_02,Zone_10,0,0.0
knn_full,Zone_03,Zone_01,1,0.27
knn_full,Zone_03,Zone_02,0,0.0
knn_full,Zone_03,Zone_03,363,99.73
knn_full,Zone_03,Zone_04,0,0.0
knn_full,Zone_03,Zone_05,0,0.0
knn_full,Zone_03,Zone_06,0,0.0
knn_full,Zone_03,Zone_07,0,0.0
knn_full,Zone_03,Zone_08,0,0.0
knn_full,Zone_03,Zone_09,0,0.0
knn_full,Zone_03,Zone_10,0,0.0
knn_full,Zone_04,Zone_01,0,0.0
knn_full,Zone_04,Zone_02,1,0.19
knn_full,Zone_04,Zone_03,1,0.19
knn_full,Zone_04,Zone_04,517,99.61
knn_full,Zone_04,Zone_05,0,0.0
knn_full,Zone_04,Zone_06,0,0.0
knn_full,Zone_04,Zone_07,0,0.0
knn_full,Zone_04,Zone_08,0,0.0
knn_full,Zone_04,Zone_09,0,0.0
knn_full,Zone_04,Zone_10,0,0.0
knn_full,Zone_05,Zone_01,0,0.0
knn_full,Zone_05,Zone_02,0,0.0
knn_full,Zone_05,Zone_03,0,0.0
knn_full,Zone_05,Zone_04,0,0.0
knn_full,Zone_05,Zone_05,152,99.35
knn_full,Zone_05,Zone_06,0,0.0
knn_full,Zone_05,Zone_07,0,0.0
knn_full,Zone_05,Zone_08,1,0.65
knn_full,Zone_05,Zone_09,0,0.0
knn_full,Zone_05,Zone_10,0,0.0
knn_full,Zone_06,Zone_01,0,0.0
knn_full,Zone_06,Zone_02,0,0.0
knn_full,Zone_06,Zone_03,0,0.0
knn_full,Zone_06,Zone_04,0,0.0
knn_full,Zone_06,Zone_05,0,0.0
knn_full,Zone_06,Zone_06,151,89.88
knn_full,Zone_06,Zone_07,17,10.12
knn_full,Zone_06,Zone_08,0,0.0
knn_full,Zone_06,Zone_09,0,0.0
knn_full,Zone_06,Zone_10,0,0.0
knn_full,Zone_07,Zone_01,0,0.0
knn_full,Zone_07,Zone_02,0,0.0
knn_full,Zone_07,Zone_03,0,0.0
knn_full,Zone_07,Zone_04,0,0.0
knn_full,Zone_07,Zone_05,0,0.0
knn_full,Zone_07,Zone_06,1,0.09
knn_full,Zone_07,Zone_07,899,82.7
knn_full,Zone_07,Zone_08,187,17.2
knn_full,Zone_07,Zone_09,0,0.0
knn_full,Zone_07,Zone_10,0,0.0
knn_full,Zone_08,Zone_01,1,0.12
knn_full,Zone_08,Zone_02,0,0.0
knn_full,Zone_08,Zone_03,0,0.0
knn_full,Zone_08,Zone_04,0,0.0
knn_full,Zone_08,Zone_05,0,0.0
knn_full,Zone_08,Zone_06,0,0.0
knn_full,Zone_08,Zone_07,151,17.4
knn_full,Zone_08,Zone_08,716,82.49
knn_full,Zone_08,Zone_09,0,0.0
knn_full,Zone_08,Zone_10,0,0.0
knn_full,Zone_09,Zone_01,0,0.0
knn_full,Zone_09,Zone_02,0,0.0
knn_full,Zone_09,Zone_03,0,0.0
knn_full,Zone_09,Zone_04,0,0.0
knn_full,Zone_09,Zone_05,0,0.0
knn_full,Zone_09,Zone_06,0,0.0
knn_full,Zone_09,Zone_07,1,2.17
knn_full,Zone_09,Zone_08,1,2.17
knn_full,Zone_09,Zone_09,41,89.13
knn_full,Zone_09,Zone_10,3,6.52
knn_full,Zone_10,Zone_01,0,0.0
knn_full,Zone_10,Zone_02,0,0.0
knn_full,Zone_10,Zone_03,0,0.0
knn_full,Zone_10,Zone_04,0,0.0
knn_full,Zone_10,Zone_05,0,0.0
knn_full,Zone_10,Zone_06,0,0.0
knn_full,Zone_10,Zone_07,0,0.0
knn_full,Zone_10,Zone_08,0,0.0
knn_full,Zone_10,Zone_09,0,0.0
knn_full,Zone_10,Zone_10,232,100.0
knn_blind,Zone_01,Zone_01,18,7.26
knn_blind,Zone_01,Zone_02,26,10.48
knn_blind,Zone_01,Zone_03,25,10.08
knn_blind,Zone_01,Zone_04,29,11.69
knn_blind,Zone_01,Zone_05,5,2.02
knn_blind,Zone_01,Zone_06,3,1.21
knn_blind,Zone_01,Zone_07,87,35.08
knn_blind,Zone_01,Zone_08,53,21.37
knn_blind,Zone_01,Zone_09,0,0.0
knn_blind,Zone_01,Zone_10,2,0.81
knn_blind,Zone_02,Zone_01,29,9.21
knn_blind,Zone_02,Zone_02,36,11.43
knn_blind,Zone_02,Zone_03,33,10.48
knn_blind,Zone_02,Zone_04,46,14.6
knn_blind,Zone_02,Zone_05,3,0.95
knn_blind,Zone_02,Zone_06,7,2.22
knn_blind,Zone_02,Zone_07,95,30.16
knn_blind,Zone_02,Zone_08,62,19.68
knn_blind,Zone_02,Zone_09,0,0.0
knn_blind,Zone_02,Zone_10,4,1.27
knn_blind,Zone_03,Zone_01,41,11.26
knn_blind,Zone_03,Zone_02,32,8.79
knn_blind,Zone_03,Zone_03,22,6.04
knn_blind,Zone_03,Zone_04,41,11.26
knn_blind,Zone_03,Zone_05,5,1.37
knn_blind,Zone_03,Zone_06,4,1.1
knn_blind,Zone_03,Zone_07,136,37.36
knn_blind,Zone_03,Zone_08,76,20.88
knn_blind,Zone_03,Zone_09,1,0.27
knn_blind,Zone_03,Zone_10,6,1.65
knn_blind,Zone_04,Zone_01,35,6.74
knn_blind,Zone_04,Zone_02,52,10.02
knn_blind,Zone_04,Zone_03,58,11.18
knn_blind,Zone_04,Zone_04,65,12.52
knn_blind,Zone_04,Zone_05,11,2.12
knn_blind,Zone_04,Zone_06,3,0.58
knn_blind,Zone_04,Zone_07,184,35.45
knn_blind,Zone_04,Zone_08,98,18.88
knn_blind,Zone_04,Zone_09,1,0.19
knn_blind,Zone_04,Zone_10,12,2.31
knn_blind,Zone_05,Zone_01,11,7.19
knn_blind,Zone_05,Zone_02,13,8.5
knn_blind,Zone_05,Zone_03,11,7.19
knn_blind,Zone_05,Zone_04,16,10.46
knn_blind,Zone_05,Zone_05,1,0.65
knn_blind,Zone_05,Zone_06,4,2.61
knn_blind,Zone_05,Zone_07,56,36.6
knn_blind,Zone_05,Zone_08,39,25.49
knn_blind,Zone_05,Zone_09,0,0.0
knn_blind,Zone_05,Zone_10,2,1.31
knn_blind,Zone_06,Zone_01,17,10.12
knn_blind,Zone_06,Zone_02,15,8.93
knn_blind,Zone_06,Zone_03,12,7.14
knn_blind,Zone_06,Zone_04,18,10.71
knn_blind,Zone_06,Zone_05,2,1.19
knn_blind,Zone_06,Zone_06,1,0.6
knn_blind,Zone_06,Zone_07,68,40.48
knn_blind,Zone_06,Zone_08,30,17.86
knn_blind,Zone_06,Zone_09,0,0.0
knn_blind,Zone_06,Zone_10,5,2.98
knn_blind,Zone_07,Zone_01,106,9.75
knn_blind,Zone_07,Zone_02,101,9.29
knn_blind,Zone_07,Zone_03,99,9.11
knn_blind,Zone_07,Zone_04,128,11.78
knn_blind,Zone_07,Zone_05,15,1.38
knn_blind,Zone_07,Zone_06,25,2.3
knn_blind,Zone_07,Zone_07,373,34.31
knn_blind,Zone_07,Zone_08,222,20.42
knn_blind,Zone_07,Zone_09,0,0.0
knn_blind,Zone_07,Zone_10,18,1.66
knn_blind,Zone_08,Zone_01,95,10.94
knn_blind,Zone_08,Zone_02,80,9.22
knn_blind,Zone_08,Zone_03,75,8.64
knn_blind,Zone_08,Zone_04,95,10.94
knn_blind,Zone_08,Zone_05,8,0.92
knn_blind,Zone_08,Zone_06,12,1.38
knn_blind,Zone_08,Zone_07,307,35.37
knn_blind,Zone_08,Zone_08,178,20.51
knn_blind,Zone_08,Zone_09,0,0.0
knn_blind,Zone_08,Zone_10,18,2.07
knn_blind,Zone_09,Zone_01,4,8.7
knn_blind,Zone_09,Zone_02,4,8.7
knn_blind,Zone_09,Zone_03,4,8.7
knn_blind,Zone_09,Zone_04,5,10.87
knn_blind,Zone_09,Zone_05,0,0.0
knn_blind,Zone_09,Zone_06,0,0.0
knn_blind,Zone_09,Zone_07,17,36.96
knn_blind,Zone_09,Zone_08,11,23.91
knn_blind,Zone_09,Zone_09,0,0.0
knn_blind,Zone_09,Zone_10,1,2.17
knn_blind,Zone_10,Zone_01,25,10.78
knn_blind,Zone_10,Zone_02,20,8.62
knn_blind,Zone_10,Zone_03,17,7.33
knn_blind,Zone_10,Zone_04,30,12.93
knn_blind,Zone_10,Zone_05,3,1.29
knn_blind,Zone_10,Zone_06,5,2.16
knn_blind,Zone_10,Zone_07,79,34.05
knn_blind,Zone_10,Zone_08,51,21.98
knn_blind,Zone_10,Zone_09,0,0.0
knn_blind,Zone_10,Zone_10,2,0.86
decision_tree_full_none,Zone_01,Zone_01,248,100.0
decision_tree_full_none,Zone_01,Zone_02,0,0.0
decision_tree_full_none,Zone_01,Zone_03,0,0.0
decision_tree_full_none,Zone_01,Zone_04,0,0.0
decision_tree_full_none,Zone_01,Zone_05,0,0.0
decision_tree_full_none,Zone_01,Zone_06,0,0.0
decision_tree_full_none,Zone_01,Zone_07,0,0.0
decision_tree_full_none,Zone_01,Zone_08,0,0.0
decision_tree_full_none,Zone_01,Zone_09,0,0.0
decision_tree_full_none,Zone_01,Zone_10,0,0.0
decision_tree_full_none,Zone_02,Zone_01,0,0.0
decision_tree_full_none,Zone_02,Zone_02,315,100.0
decision_tree_full_none,Zone_02,Zone_03,0,0.0
decision_tree_full_none,Zone_02,Zone_04,0,0.0
decision_tree_full_none,Zone_02,Zone_05,0,0.0
decision_tree_full_none,Zone_02,Zone_06,0,0.0
decision_tree_full_none,Zone_02,Zone_07,0,0.0
decision_tree_full_none,Zone_02,Zone_08,0,0.0
decision_tree_full_none,Zone_02,Zone_09,0,0.0
decision_tree_full_none,Zone_02,Zone_10,0,0.0
decision_tree_full_none,Zone_03,Zone_01,0,0.0
decision_tree_full_none,Zone_03,Zone_02,0,0.0
decision_tree_full_none,Zone_03,Zone_03,364,100.0
decision_tree_full_none,Zone_03,Zone_04,0,0.0
decision_tree_full_none,Zone_03,Zone_05,0,0.0
decision_tree_full_none,Zone_03,Zone_06,0,0.0
decision_tree_full_none,Zone_03,Zone_07,0,0.0
decision_tree_full_none,Zone_03,Zone_08,0,0.0
decision_tree_full_none,Zone_03,Zone_09,0,0.0
decision_tree_full_none,Zone_03,Zone_10,0,0.0
decision_tree_full_none,Zone_04,Zone_01,0,0.0
decision_tree_full_none,Zone_04,Zone_02,0,0.0
decision_tree_full_none,Zone_04,Zone_03,0,0.0
decision_tree_full_none,Zone_04,Zone_04,519,100.0
decision_tree_full_none,Zone_04,Zone_05,0,0.0
decision_tree_full_none,Zone_04,Zone_06,0,0.0
decision_tree_full_none,Zone_04,Zone_07,0,0.0
decision_tree_full_none,Zone_04,Zone_08,0,0.0
decision_tree_full_none,Zone_04,Zone_09,0,0.0
decision_tree_full_none,Zone_04,Zone_10,0,0.0
decision_tree_full_none,Zone_05,Zone_01,0,0.0
decision_tree_full_none,Zone_05,Zone_02,0,0.0
decision_tree_full_none,Zone_05,Zone_03,0,0.0
decision_tree_full_none,Zone_05,Zone_04,0,0.0
decision_tree_full_none,Zone_05,Zone_05,153,100.0
decision_tree_full_none,Zone_05,Zone_06,0,0.0
decision_tree_full_none,Zone_05,Zone_07,0,0.0
decision_tree_full_none,Zone_05,Zone_08,0,0.0
decision_tree_full_none,Zone_05,Zone_09,0,0.0
decision_tree_full_none,Zone_05,Zone_10,0,0.0
decision_tree_full_none,Zone_06,Zone_01,0,0.0
decision_tree_full_none,Zone_06,Zone_02,0,0.0
decision_tree_full_none,Zone_06,Zone_03,0,0.0
decision_tree_full_none,Zone_06,Zone_04,0,0.0
decision_tree_full_none,Zone_06,Zone_05,0,0.0
decision_tree_full_none,Zone_06,Zone_06,156,92.86
decision_tree_full_none,Zone_06,Zone_07,12,7.14
decision_tree_full_none,Zone_06,Zone_08,0,0.0
decision_tree_full_none,Zone_06,Zone_09,0,0.0
decision_tree_full_none,Zone_06,Zone_10,0,0.0
decision_tree_full_none,Zone_07,Zone_01,0,0.0
decision_tree_full_none,Zone_07,Zone_02,0,0.0
decision_tree_full_none,Zone_07,Zone_03,0,0.0
decision_tree_full_none,Zone_07,Zone_04,0,0.0
decision_tree_full_none,Zone_07,Zone_05,0,0.0
decision_tree_full_none,Zone_07,Zone_06,0,0.0
decision_tree_full_none,Zone_07,Zone_07,884,81.32
decision_tree_full_none,Zone_07,Zone_08,203,18.68
decision_tree_full_none,Zone_07,Zone_09,0,0.0
decision_tree_full_none,Zone_07,Zone_10,0,0.0
decision_tree_full_none,Zone_08,Zone_01,0,0.0
decision_tree_full_none,Zone_08,Zone_02,0,0.0
decision_tree_full_none,Zone_08,Zone_03,0,0.0
decision_tree_full_none,Zone_08,Zone_04,0,0.0
decision_tree_full_none,Zone_08,Zone_05,0,0.0
decision_tree_full_none,Zone_08,Zone_06,0,0.0
decision_tree_full_none,Zone_08,Zone_07,128,14.75
decision_tree_full_none,Zone_08,Zone_08,740,85.25
decision_tree_full_none,Zone_08,Zone_09,0,0.0
decision_tree_full_none,Zone_08,Zone_10,0,0.0
decision_tree_full_none,Zone_09,Zone_01,0,0.0
decision_tree_full_none,Zone_09,Zone_02,0,0.0
decision_tree_full_none,Zone_09,Zone_03,0,0.0
decision_tree_full_none,Zone_09,Zone_04,0,0.0
decision_tree_full_none,Zone_09,Zone_05,0,0.0
decision_tree_full_none,Zone_09,Zone_06,0,0.0
decision_tree_full_none,Zone_09,Zone_07,0,0.0
decision_tree_full_none,Zone_09,Zone_08,0,0.0
decision_tree_full_none,Zone_09,Zone_09,46,100.0
decision_tree_full_none,Zone_09,Zone_10,0,0.0
decision_tree_full_none,Zone_10,Zone_01,0,0.0
decision_tree_full_none,Zone_10,Zone_02,0,0.0
decision_tree_full_none,Zone_10,Zone_03,0,0.0
decision_tree_full_none,Zone_10,Zone_04,0,0.0
decision_tree_full_none,Zone_10,Zone_05,0,0.0
decision_tree_full_none,Zone_10,Zone_06,0,0.0
decision_tree_full_none,Zone_10,Zone_07,0,0.0
decision_tree_full_none,Zone_10,Zone_08,0,0.0
decision_tree_full_none,Zone_10,Zone_09,0,0.0
decision_tree_full_none,Zone_10,Zone_10,232,100.0
decision_tree_full_balanced,Zone_01,Zone_01,248,100.0
decision_tree_full_balanced,Zone_01,Zone_02,0,0.0
decision_tree_full_balanced,Zone_01,Zone_03,0,0.0
decision_tree_full_balanced,Zone_01,Zone_04,0,0.0
decision_tree_full_balanced,Zone_01,Zone_05,0,0.0
decision_tree_full_balanced,Zone_01,Zone_06,0,0.0
decision_tree_full_balanced,Zone_01,Zone_07,0,0.0
decision_tree_full_balanced,Zone_01,Zone_08,0,0.0
decision_tree_full_balanced,Zone_01,Zone_09,0,0.0
decision_tree_full_balanced,Zone_01,Zone_10,0,0.0
decision_tree_full_balanced,Zone_02,Zone_01,0,0.0
decision_tree_full_balanced,Zone_02,Zone_02,315,100.0
decision_tree_full_balanced,Zone_02,Zone_03,0,0.0
decision_tree_full_balanced,Zone_02,Zone_04,0,0.0
decision_tree_full_balanced,Zone_02,Zone_05,0,0.0
decision_tree_full_balanced,Zone_02,Zone_06,0,0.0
decision_tree_full_balanced,Zone_02,Zone_07,0,0.0
decision_tree_full_balanced,Zone_02,Zone_08,0,0.0
decision_tree_full_balanced,Zone_02,Zone_09,0,0.0
decision_tree_full_balanced,Zone_02,Zone_10,0,0.0
decision_tree_full_balanced,Zone_03,Zone_01,0,0.0
decision_tree_full_balanced,Zone_03,Zone_02,0,0.0
decision_tree_full_balanced,Zone_03,Zone_03,364,100.0
decision_tree_full_balanced,Zone_03,Zone_04,0,0.0
decision_tree_full_balanced,Zone_03,Zone_05,0,0.0
decision_tree_full_balanced,Zone_03,Zone_06,0,0.0
decision_tree_full_balanced,Zone_03,Zone_07,0,0.0
decision_tree_full_balanced,Zone_03,Zone_08,0,0.0
decision_tree_full_balanced,Zone_03,Zone_09,0,0.0
decision_tree_full_balanced,Zone_03,Zone_10,0,0.0
decision_tree_full_balanced,Zone_04,Zone_01,0,0.0
decision_tree_full_balanced,Zone_04,Zone_02,0,0.0
decision_tree_full_balanced,Zone_04,Zone_03,0,0.0
decision_tree_full_balanced,Zone_04,Zone_04,519,100.0
decision_tree_full_balanced,Zone_04,Zone_05,0,0.0
decision_tree_full_balanced,Zone_04,Zone_06,0,0.0
decision_tree_full_balanced,Zone_04,Zone_07,0,0.0
decision_tree_full_balanced,Zone_04,Zone_08,0,0.0
decision_tree_full_balanced,Zone_04,Zone_09,0,0.0
decision_tree_full_balanced,Zone_04,Zone_10,0,0.0
decision_tree_full_balanced,Zone_05,Zone_01,0,0.0
decision_tree_full_balanced,Zone_05,Zone_02,0,0.0
decision_tree_full_balanced,Zone_05,Zone_03,0,0.0
decision_tree_full_balanced,Zone_05,Zone_04,0,0.0
decision_tree_full_balanced,Zone_05,Zone_05,153,100.0
decision_tree_full_balanced,Zone_05,Zone_06,0,0.0
decision_tree_full_balanced,Zone_05,Zone_07,0,0.0
decision_tree_full_balanced,Zone_05,Zone_08,0,0.0
decision_tree_full_balanced,Zone_05,Zone_09,0,0.0
decision_tree_full_balanced,Zone_05,Zone_10,0,0.0
decision_tree_full_balanced,Zone_06,Zone_01,0,0.0
decision_tree_full_balanced,Zone_06,Zone_02,0,0.0
decision_tree_full_balanced,Zone_06,Zone_03,0,0.0
decision_tree_full_balanced,Zone_06,Zone_04,0,0.0
decision_tree_full_balanced,Zone_06,Zone_05,0,0.0
decision_tree_full_balanced,Zone_06,Zone_06,157,93.45
decision_tree_full_balanced,Zone_06,Zone_07,11,6.55
decision_tree_full_balanced,Zone_06,Zone_08,0,0.0
decision_tree_full_balanced,Zone_06,Zone_09,0,0.0
decision_tree_full_balanced,Zone_06,Zone_10,0,0.0
decision_tree_full_balanced,Zone_07,Zone_01,0,0.0
decision_tree_full_balanced,Zone_07,Zone_02,0,0.0
decision_tree_full_balanced,Zone_07,Zone_03,0,0.0
decision_tree_full_balanced,Zone_07,Zone_04,0,0.0
decision_tree_full_balanced,Zone_07,Zone_05,0,0.0
decision_tree_full_balanced,Zone_07,Zone_06,6,0.55
decision_tree_full_balanced,Zone_07,Zone_07,833,76.63
decision_tree_full_balanced,Zone_07,Zone_08,248,22.82
decision_tree_full_balanced,Zone_07,Zone_09,0,0.0
decision_tree_full_balanced,Zone_07,Zone_10,0,0.0
decision_tree_full_balanced,Zone_08,Zone_01,0,0.0
decision_tree_full_balanced,Zone_08,Zone_02,0,0.0
decision_tree_full_balanced,Zone_08,Zone_03,0,0.0
decision_tree_full_balanced,Zone_08,Zone_04,0,0.0
decision_tree_full_balanced,Zone_08,Zone_05,0,0.0
decision_tree_full_balanced,Zone_08,Zone_06,0,0.0
decision_tree_full_balanced,Zone_08,Zone_07,57,6.57
decision_tree_full_balanced,Zone_08,Zone_08,811,93.43
decision_tree_full_balanced,Zone_08,Zone_09,0,0.0
decision_tree_full_balanced,Zone_08,Zone_10,0,0.0
decision_tree_full_balanced,Zone_09,Zone_01,0,0.0
decision_tree_full_balanced,Zone_09,Zone_02,0,0.0
decision_tree_full_balanced,Zone_09,Zone_03,0,0.0
decision_tree_full_balanced,Zone_09,Zone_04,0,0.0
decision_tree_full_balanced,Zone_09,Zone_05,0,0.0
decision_tree_full_balanced,Zone_09,Zone_06,0,0.0
decision_tree_full_balanced,Zone_09,Zone_07,0,0.0
decision_tree_full_balanced,Zone_09,Zone_08,0,0.0
decision_tree_full_balanced,Zone_09,Zone_09,46,100.0
decision_tree_full_balanced,Zone_09,Zone_10,0,0.0
decision_tree_full_balanced,Zone_10,Zone_01,0,0.0
decision_tree_full_balanced,Zone_10,Zone_02,0,0.0
decision_tree_full_balanced,Zone_10,Zone_03,0,0.0
decision_tree_full_balanced,Zone_10,Zone_04,0,0.0
decision_tree_full_balanced,Zone_10,Zone_05,0,0.0
decision_tree_full_balanced,Zone_10,Zone_06,0,0.0
decision_tree_full_balanced,Zone_10,Zone_07,0,0.0
decision_tree_full_balanced,Zone_10,Zone_08,0,0.0
decision_tree_full_balanced,Zone_10,Zone_09,0,0.0
decision_tree_full_balanced,Zone_10,Zone_10,232,100.0
decision_tree_blind_none,Zone_01,Zone_01,3,1.21
decision_tree_blind_none,Zone_01,Zone_02,6,2.42
decision_tree_blind_none,Zone_01,Zone_03,9,3.63
decision_tree_blind_none,Zone_01,Zone_04,10,4.03
decision_tree_blind_none,Zone_01,Zone_05,0,0.0
decision_tree_blind_none,Zone_01,Zone_06,0,0.0
decision_tree_blind_none,Zone_01,Zone_07,161,64.92
decision_tree_blind_none,Zone_01,Zone_08,58,23.39
decision_tree_blind_none,Zone_01,Zone_09,0,0.0
decision_tree_blind_none,Zone_01,Zone_10,1,0.4
decision_tree_blind_none,Zone_02,Zone_01,4,1.27
decision_tree_blind_none,Zone_02,Zone_02,6,1.9
decision_tree_blind_none,Zone_02,Zone_03,5,1.59
decision_tree_blind_none,Zone_02,Zone_04,18,5.71
decision_tree_blind_none,Zone_02,Zone_05,0,0.0
decision_tree_blind_none,Zone_02,Zone_06,0,0.0
decision_tree_blind_none,Zone_02,Zone_07,207,65.71
decision_tree_blind_none,Zone_02,Zone_08,74,23.49
decision_tree_blind_none,Zone_02,Zone_09,1,0.32
decision_tree_blind_none,Zone_02,Zone_10,0,0.0
decision_tree_blind_none,Zone_03,Zone_01,2,0.55
decision_tree_blind_none,Zone_03,Zone_02,7,1.92
decision_tree_blind_none,Zone_03,Zone_03,8,2.2
decision_tree_blind_none,Zone_03,Zone_04,19,5.22
decision_tree_blind_none,Zone_03,Zone_05,1,0.27
decision_tree_blind_none,Zone_03,Zone_06,0,0.0
decision_tree_blind_none,Zone_03,Zone_07,241,66.21
decision_tree_blind_none,Zone_03,Zone_08,85,23.35
decision_tree_blind_none,Zone_03,Zone_09,0,0.0
decision_tree_blind_none,Zone_03,Zone_10,1,0.27
decision_tree_blind_none,Zone_04,Zone_01,4,0.77
decision_tree_blind_none,Zone_04,Zone_02,14,2.7
decision_tree_blind_none,Zone_04,Zone_03,15,2.89
decision_tree_blind_none,Zone_04,Zone_04,29,5.59
decision_tree_blind_none,Zone_04,Zone_05,2,0.39
decision_tree_blind_none,Zone_04,Zone_06,0,0.0
decision_tree_blind_none,Zone_04,Zone_07,345,66.47
decision_tree_blind_none,Zone_04,Zone_08,105,20.23
decision_tree_blind_none,Zone_04,Zone_09,0,0.0
decision_tree_blind_none,Zone_04,Zone_10,5,0.96
decision_tree_blind_none,Zone_05,Zone_01,2,1.31
decision_tree_blind_none,Zone_05,Zone_02,3,1.96
decision_tree_blind_none,Zone_05,Zone_03,4,2.61
decision_tree_blind_none,Zone_05,Zone_04,6,3.92
decision_tree_blind_none,Zone_05,Zone_05,0,0.0
decision_tree_blind_none,Zone_05,Zone_06,0,0.0
decision_tree_blind_none,Zone_05,Zone_07,95,62.09
decision_tree_blind_none,Zone_05,Zone_08,43,28.1
decision_tree_blind_none,Zone_05,Zone_09,0,0.0
decision_tree_blind_none,Zone_05,Zone_10,0,0.0
decision_tree_blind_none,Zone_06,Zone_01,2,1.19
decision_tree_blind_none,Zone_06,Zone_02,2,1.19
decision_tree_blind_none,Zone_06,Zone_03,4,2.38
decision_tree_blind_none,Zone_06,Zone_04,12,7.14
decision_tree_blind_none,Zone_06,Zone_05,1,0.6
decision_tree_blind_none,Zone_06,Zone_06,0,0.0
decision_tree_blind_none,Zone_06,Zone_07,115,68.45
decision_tree_blind_none,Zone_06,Zone_08,32,19.05
decision_tree_blind_none,Zone_06,Zone_09,0,0.0
decision_tree_blind_none,Zone_06,Zone_10,0,0.0
decision_tree_blind_none,Zone_07,Zone_01,16,1.47
decision_tree_blind_none,Zone_07,Zone_02,25,2.3
decision_tree_blind_none,Zone_07,Zone_03,23,2.12
decision_tree_blind_none,Zone_07,Zone_04,49,4.51
decision_tree_blind_none,Zone_07,Zone_05,2,0.18
decision_tree_blind_none,Zone_07,Zone_06,3,0.28
decision_tree_blind_none,Zone_07,Zone_07,761,70.01
decision_tree_blind_none,Zone_07,Zone_08,204,18.77
decision_tree_blind_none,Zone_07,Zone_09,0,0.0
decision_tree_blind_none,Zone_07,Zone_10,4,0.37
decision_tree_blind_none,Zone_08,Zone_01,12,1.38
decision_tree_blind_none,Zone_08,Zone_02,26,3.0
decision_tree_blind_none,Zone_08,Zone_03,18,2.07
decision_tree_blind_none,Zone_08,Zone_04,52,5.99
decision_tree_blind_none,Zone_08,Zone_05,2,0.23
decision_tree_blind_none,Zone_08,Zone_06,1,0.12
decision_tree_blind_none,Zone_08,Zone_07,571,65.78
decision_tree_blind_none,Zone_08,Zone_08,178,20.51
decision_tree_blind_none,Zone_08,Zone_09,2,0.23
decision_tree_blind_none,Zone_08,Zone_10,6,0.69
decision_tree_blind_none,Zone_09,Zone_01,0,0.0
decision_tree_blind_none,Zone_09,Zone_02,2,4.35
decision_tree_blind_none,Zone_09,Zone_03,3,6.52
decision_tree_blind_none,Zone_09,Zone_04,3,6.52
decision_tree_blind_none,Zone_09,Zone_05,0,0.0
decision_tree_blind_none,Zone_09,Zone_06,0,0.0
decision_tree_blind_none,Zone_09,Zone_07,25,54.35
decision_tree_blind_none,Zone_09,Zone_08,12,26.09
decision_tree_blind_none,Zone_09,Zone_09,0,0.0
decision_tree_blind_none,Zone_09,Zone_10,1,2.17
decision_tree_blind_none,Zone_10,Zone_01,5,2.16
decision_tree_blind_none,Zone_10,Zone_02,2,0.86
decision_tree_blind_none,Zone_10,Zone_03,6,2.59
decision_tree_blind_none,Zone_10,Zone_04,11,4.74
decision_tree_blind_none,Zone_10,Zone_05,1,0.43
decision_tree_blind_none,Zone_10,Zone_06,0,0.0
decision_tree_blind_none,Zone_10,Zone_07,163,70.26
decision_tree_blind_none,Zone_10,Zone_08,41,17.67
decision_tree_blind_none,Zone_10,Zone_09,0,0.0
decision_tree_blind_none,Zone_10,Zone_10,3,1.29
decision_tree_blind_balanced,Zone_01,Zone_01,50,20.16
decision_tree_blind_balanced,Zone_01,Zone_02,32,12.9
decision_tree_blind_balanced,Zone_01,Zone_03,16,6.45
decision_tree_blind_balanced,Zone_01,Zone_04,21,8.47
decision_tree_blind_balanced,Zone_01,Zone_05,35,14.11
decision_tree_blind_balanced,Zone_01,Zone_06,21,8.47
decision_tree_blind_balanced,Zone_01,Zone_07,6,2.42
decision_tree_blind_balanced,Zone_01,Zone_08,8,3.23
decision_tree_blind_balanced,Zone_01,Zone_09,20,8.06
decision_tree_blind_balanced,Zone_01,Zone_10,39,15.73
decision_tree_blind_balanced,Zone_02,Zone_01,64,20.32
decision_tree_blind_balanced,Zone_02,Zone_02,28,8.89
decision_tree_blind_balanced,Zone_02,Zone_03,27,8.57
decision_tree_blind_balanced,Zone_02,Zone_04,23,7.3
decision_tree_blind_balanced,Zone_02,Zone_05,41,13.02
decision_tree_blind_balanced,Zone_02,Zone_06,28,8.89
decision_tree_blind_balanced,Zone_02,Zone_07,8,2.54
decision_tree_blind_balanced,Zone_02,Zone_08,10,3.17
decision_tree_blind_balanced,Zone_02,Zone_09,25,7.94
decision_tree_blind_balanced,Zone_02,Zone_10,61,19.37
decision_tree_blind_balanced,Zone_03,Zone_01,84,23.08
decision_tree_blind_balanced,Zone_03,Zone_02,55,15.11
decision_tree_blind_balanced,Zone_03,Zone_03,26,7.14
decision_tree_blind_balanced,Zone_03,Zone_04,31,8.52
decision_tree_blind_balanced,Zone_03,Zone_05,42,11.54
decision_tree_blind_balanced,Zone_03,Zone_06,23,6.32
decision_tree_blind_balanced,Zone_03,Zone_07,8,2.2
decision_tree_blind_balanced,Zone_03,Zone_08,5,1.37
decision_tree_blind_balanced,Zone_03,Zone_09,28,7.69
decision_tree_blind_balanced,Zone_03,Zone_10,62,17.03
decision_tree_blind_balanced,Zone_04,Zone_01,96,18.5
decision_tree_blind_balanced,Zone_04,Zone_02,67,12.91
decision_tree_blind_balanced,Zone_04,Zone_03,41,7.9
decision_tree_blind_balanced,Zone_04,Zone_04,36,6.94
decision_tree_blind_balanced,Zone_04,Zone_05,70,13.49
decision_tree_blind_balanced,Zone_04,Zone_06,42,8.09
decision_tree_blind_balanced,Zone_04,Zone_07,12,2.31
decision_tree_blind_balanced,Zone_04,Zone_08,10,1.93
decision_tree_blind_balanced,Zone_04,Zone_09,38,7.32
decision_tree_blind_balanced,Zone_04,Zone_10,107,20.62
decision_tree_blind_balanced,Zone_05,Zone_01,36,23.53
decision_tree_blind_balanced,Zone_05,Zone_02,21,13.73
decision_tree_blind_balanced,Zone_05,Zone_03,7,4.58
decision_tree_blind_balanced,Zone_05,Zone_04,13,8.5
decision_tree_blind_balanced,Zone_05,Zone_05,20,13.07
decision_tree_blind_balanced,Zone_05,Zone_06,12,7.84
decision_tree_blind_balanced,Zone_05,Zone_07,5,3.27
decision_tree_blind_balanced,Zone_05,Zone_08,7,4.58
decision_tree_blind_balanced,Zone_05,Zone_09,12,7.84
decision_tree_blind_balanced,Zone_05,Zone_10,20,13.07
decision_tree_blind_balanced,Zone_06,Zone_01,30,17.86
decision_tree_blind_balanced,Zone_06,Zone_02,24,14.29
decision_tree_blind_balanced,Zone_06,Zone_03,15,8.93
decision_tree_blind_balanced,Zone_06,Zone_04,13,7.74
decision_tree_blind_balanced,Zone_06,Zone_05,20,11.9
decision_tree_blind_balanced,Zone_06,Zone_06,16,9.52
decision_tree_blind_balanced,Zone_06,Zone_07,4,2.38
decision_tree_blind_balanced,Zone_06,Zone_08,1,0.6
decision_tree_blind_balanced,Zone_06,Zone_09,13,7.74
decision_tree_blind_balanced,Zone_06,Zone_10,32,19.05
decision_tree_blind_balanced,Zone_07,Zone_01,231,21.25
decision_tree_blind_balanced,Zone_07,Zone_02,151,13.89
decision_tree_blind_balanced,Zone_07,Zone_03,80,7.36
decision_tree_blind_balanced,Zone_07,Zone_04,70,6.44
decision_tree_blind_balanced,Zone_07,Zone_05,127,11.68
decision_tree_blind_balanced,Zone_07,Zone_06,90,8.28
decision_tree_blind_balanced,Zone_07,Zone_07,26,2.39
decision_tree_blind_balanced,Zone_07,Zone_08,30,2.76
decision_tree_blind_balanced,Zone_07,Zone_09,80,7.36
decision_tree_blind_balanced,Zone_07,Zone_10,202,18.58
decision_tree_blind_balanced,Zone_08,Zone_01,189,21.77
decision_tree_blind_balanced,Zone_08,Zone_02,125,14.4
decision_tree_blind_balanced,Zone_08,Zone_03,61,7.03
decision_tree_blind_balanced,Zone_08,Zone_04,48,5.53
decision_tree_blind_balanced,Zone_08,Zone_05,88,10.14
decision_tree_blind_balanced,Zone_08,Zone_06,69,7.95
decision_tree_blind_balanced,Zone_08,Zone_07,18,2.07
decision_tree_blind_balanced,Zone_08,Zone_08,29,3.34
decision_tree_blind_balanced,Zone_08,Zone_09,85,9.79
decision_tree_blind_balanced,Zone_08,Zone_10,156,17.97
decision_tree_blind_balanced,Zone_09,Zone_01,6,13.04
decision_tree_blind_balanced,Zone_09,Zone_02,5,10.87
decision_tree_blind_balanced,Zone_09,Zone_03,4,8.7
decision_tree_blind_balanced,Zone_09,Zone_04,5,10.87
decision_tree_blind_balanced,Zone_09,Zone_05,7,15.22
decision_tree_blind_balanced,Zone_09,Zone_06,3,6.52
decision_tree_blind_balanced,Zone_09,Zone_07,1,2.17
decision_tree_blind_balanced,Zone_09,Zone_08,3,6.52
decision_tree_blind_balanced,Zone_09,Zone_09,3,6.52
decision_tree_blind_balanced,Zone_09,Zone_10,9,19.57
decision_tree_blind_balanced,Zone_10,Zone_01,52,22.41
decision_tree_blind_balanced,Zone_10,Zone_02,28,12.07
decision_tree_blind_balanced,Zone_10,Zone_03,12,5.17
decision_tree_blind_balanced,Zone_10,Zone_04,13,5.6
decision_tree_blind_balanced,Zone_10,Zone_05,28,12.07
decision_tree_blind_balanced,Zone_10,Zone_06,22,9.48
decision_tree_blind_balanced,Zone_10,Zone_07,5,2.16
decision_tree_blind_balanced,Zone_10,Zone_08,2,0.86
decision_tree_blind_balanced,Zone_10,Zone_09,21,9.05
decision_tree_blind_balanced,Zone_10,Zone_10,49,21.12
random_forest_full_none,Zone_01,Zone_01,248,100.0
random_forest_full_none,Zone_01,Zone_02,0,0.0
random_forest_full_none,Zone_01,Zone_03,0,0.0
random_forest_full_none,Zone_01,Zone_04,0,0.0
random_forest_full_none,Zone_01,Zone_05,0,0.0
random_forest_full_none,Zone_01,Zone_06,0,0.0
random_forest_full_none,Zone_01,Zone_07,0,0.0
random_forest_full_none,Zone_01,Zone_08,0,0.0
random_forest_full_none,Zone_01,Zone_09,0,0.0
random_forest_full_none,Zone_01,Zone_10,0,0.0
random_forest_full_none,Zone_02,Zone_01,0,0.0
random_forest_full_none,Zone_02,Zone_02,315,100.0
random_forest_full_none,Zone_02,Zone_03,0,0.0
random_forest_full_none,Zone_02,Zone_04,0,0.0
random_forest_full_none,Zone_02,Zone_05,0,0.0
random_forest_full_none,Zone_02,Zone_06,0,0.0
random_forest_full_none,Zone_02,Zone_07,0,0.0
random_forest_full_none,Zone_02,Zone_08,0,0.0
random_forest_full_none,Zone_02,Zone_09,0,0.0
random_forest_full_none,Zone_02,Zone_10,0,0.0
random_forest_full_none,Zone_03,Zone_01,0,0.0
random_forest_full_none,Zone_03,Zone_02,0,0.0
random_forest_full_none,Zone_03,Zone_03,364,100.0
random_forest_full_none,Zone_03,Zone_04,0,0.0
random_forest_full_none,Zone_03,Zone_05,0,0.0
random_forest_full_none,Zone_03,Zone_06,0,0.0
random_forest_full_none,Zone_03,Zone_07,0,0.0
random_forest_full_none,Zone_03,Zone_08,0,0.0
random_forest_full_none,Zone_03,Zone_09,0,0.0
random_forest_full_none,Zone_03,Zone_10,0,0.0
random_forest_full_none,Zone_04,Zone_01,0,0.0
random_forest_full_none,Zone_04,Zone_02,0,0.0
random_forest_full_none,Zone_04,Zone_03,0,0.0
random_forest_full_none,Zone_04,Zone_04,519,100.0
random_forest_full_none,Zone_04,Zone_05,0,0.0
random_forest_full_none,Zone_04,Zone_06,0,0.0
random_forest_full_none,Zone_04,Zone_07,0,0.0
random_forest_full_none,Zone_04,Zone_08,0,0.0
random_forest_full_none,Zone_04,Zone_09,0,0.0
random_forest_full_none,Zone_04,Zone_10,0,0.0
random_forest_full_none,Zone_05,Zone_01,0,0.0
random_forest_full_none,Zone_05,Zone_02,0,0.0
random_forest_full_none,Zone_05,Zone_03,0,0.0
random_forest_full_none,Zone_05,Zone_04,0,0.0
random_forest_full_none,Zone_05,Zone_05,153,100.0
random_forest_full_none,Zone_05,Zone_06,0,0.0
random_forest_full_none,Zone_05,Zone_07,0,0.0
random_forest_full_none,Zone_05,Zone_08,0,0.0
random_forest_full_none,Zone_05,Zone_09,0,0.0
random_forest_full_none,Zone_05,Zone_10,0,0.0
random_forest_full_none,Zone_06,Zone_01,0,0.0
random_forest_full_none,Zone_06,Zone_02,0,0.0
random_forest_full_none,Zone_06,Zone_03,0,0.0
random_forest_full_none,Zone_06,Zone_04,0,0.0
random_forest_full_none,Zone_06,Zone_05,0,0.0
random_forest_full_none,Zone_06,Zone_06,156,92.86
random_forest_full_none,Zone_06,Zone_07,12,7.14
random_forest_full_none,Zone_06,Zone_08,0,0.0
random_forest_full_none,Zone_06,Zone_09,0,0.0
random_forest_full_none,Zone_06,Zone_10,0,0.0
random_forest_full_none,Zone_07,Zone_01,0,0.0
random_forest_full_none,Zone_07,Zone_02,0,0.0
random_forest_full_none,Zone_07,Zone_03,0,0.0
random_forest_full_none,Zone_07,Zone_04,0,0.0
random_forest_full_none,Zone_07,Zone_05,0,0.0
random_forest_full_none,Zone_07,Zone_06,0,0.0
random_forest_full_none,Zone_07,Zone_07,856,78.75
random_forest_full_none,Zone_07,Zone_08,231,21.25
random_forest_full_none,Zone_07,Zone_09,0,0.0
random_forest_full_none,Zone_07,Zone_10,0,0.0
random_forest_full_none,Zone_08,Zone_01,0,0.0
random_forest_full_none,Zone_08,Zone_02,0,0.0
random_forest_full_none,Zone_08,Zone_03,0,0.0
random_forest_full_none,Zone_08,Zone_04,0,0.0
random_forest_full_none,Zone_08,Zone_05,0,0.0
random_forest_full_none,Zone_08,Zone_06,0,0.0
random_forest_full_none,Zone_08,Zone_07,63,7.26
random_forest_full_none,Zone_08,Zone_08,805,92.74
random_forest_full_none,Zone_08,Zone_09,0,0.0
random_forest_full_none,Zone_08,Zone_10,0,0.0
random_forest_full_none,Zone_09,Zone_01,0,0.0
random_forest_full_none,Zone_09,Zone_02,0,0.0
random_forest_full_none,Zone_09,Zone_03,0,0.0
random_forest_full_none,Zone_09,Zone_04,0,0.0
random_forest_full_none,Zone_09,Zone_05,0,0.0
random_forest_full_none,Zone_09,Zone_06,0,0.0
random_forest_full_none,Zone_09,Zone_07,0,0.0
random_forest_full_none,Zone_09,Zone_08,0,0.0
random_forest_full_none,Zone_09,Zone_09,46,100.0
random_forest_full_none,Zone_09,Zone_10,0,0.0
random_forest_full_none,Zone_10,Zone_01,0,0.0
random_forest_full_none,Zone_10,Zone_02,0,0.0
random_forest_full_none,Zone_10,Zone_03,0,0.0
random_forest_full_none,Zone_10,Zone_04,0,0.0
random_forest_full_none,Zone_10,Zone_05,0,0.0
random_forest_full_none,Zone_10,Zone_06,0,0.0
random_forest_full_none,Zone_10,Zone_07,0,0.0
random_forest_full_none,Zone_10,Zone_08,0,0.0
random_forest_full_none,Zone_10,Zone_09,0,0.0
random_forest_full_none,Zone_10,Zone_10,232,100.0
random_forest_full_balanced,Zone_01,Zone_01,248,100.0
random_forest_full_balanced,Zone_01,Zone_02,0,0.0
random_forest_full_balanced,Zone_01,Zone_03,0,0.0
random_forest_full_balanced,Zone_01,Zone_04,0,0.0
random_forest_full_balanced,Zone_01,Zone_05,0,0.0
random_forest_full_balanced,Zone_01,Zone_06,0,0.0
random_forest_full_balanced,Zone_01,Zone_07,0,0.0
random_forest_full_balanced,Zone_01,Zone_08,0,0.0
random_forest_full_balanced,Zone_01,Zone_09,0,0.0
random_forest_full_balanced,Zone_01,Zone_10,0,0.0
random_forest_full_balanced,Zone_02,Zone_01,0,0.0
random_forest_full_balanced,Zone_02,Zone_02,315,100.0
random_forest_full_balanced,Zone_02,Zone_03,0,0.0
random_forest_full_balanced,Zone_02,Zone_04,0,0.0
random_forest_full_balanced,Zone_02,Zone_05,0,0.0
random_forest_full_balanced,Zone_02,Zone_06,0,0.0
random_forest_full_balanced,Zone_02,Zone_07,0,0.0
random_forest_full_balanced,Zone_02,Zone_08,0,0.0
random_forest_full_balanced,Zone_02,Zone_09,0,0.0
random_forest_full_balanced,Zone_02,Zone_10,0,0.0
random_forest_full_balanced,Zone_03,Zone_01,0,0.0
random_forest_full_balanced,Zone_03,Zone_02,0,0.0
random_forest_full_balanced,Zone_03,Zone_03,364,100.0
random_forest_full_balanced,Zone_03,Zone_04,0,0.0
random_forest_full_balanced,Zone_03,Zone_05,0,0.0
random_forest_full_balanced,Zone_03,Zone_06,0,0.0
random_forest_full_balanced,Zone_03,Zone_07,0,0.0
random_forest_full_balanced,Zone_03,Zone_08,0,0.0
random_forest_full_balanced,Zone_03,Zone_09,0,0.0
random_forest_full_balanced,Zone_03,Zone_10,0,0.0
random_forest_full_balanced,Zone_04,Zone_01,0,0.0
random_forest_full_balanced,Zone_04,Zone_02,0,0.0
random_forest_full_balanced,Zone_04,Zone_03,0,0.0
random_forest_full_balanced,Zone_04,Zone_04,519,100.0
random_forest_full_balanced,Zone_04,Zone_05,0,0.0
random_forest_full_balanced,Zone_04,Zone_06,0,0.0
random_forest_full_balanced,Zone_04,Zone_07,0,0.0
random_forest_full_balanced,Zone_04,Zone_08,0,0.0
random_forest_full_balanced,Zone_04,Zone_09,0,0.0
random_forest_full_balanced,Zone_04,Zone_10,0,0.0
random_forest_full_balanced,Zone_05,Zone_01,0,0.0
random_forest_full_balanced,Zone_05,Zone_02,0,0.0
random_forest_full_balanced,Zone_05,Zone_03,0,0.0
random_forest_full_balanced,Zone_05,Zone_04,0,0.0
random_forest_full_balanced,Zone_05,Zone_05,153,100.0
random_forest_full_balanced,Zone_05,Zone_06,0,0.0
random_forest_full_balanced,Zone_05,Zone_07,0,0.0
random_forest_full_balanced,Zone_05,Zone_08,0,0.0
random_forest_full_balanced,Zone_05,Zone_09,0,0.0
random_forest_full_balanced,Zone_05,Zone_10,0,0.0
random_forest_full_balanced,Zone_06,Zone_01,0,0.0
random_forest_full_balanced,Zone_06,Zone_02,0,0.0
random_forest_full_balanced,Zone_06,Zone_03,0,0.0
random_forest_full_balanced,Zone_06,Zone_04,0,0.0
random_forest_full_balanced,Zone_06,Zone_05,0,0.0
random_forest_full_balanced,Zone_06,Zone_06,156,92.86
random_forest_full_balanced,Zone_06,Zone_07,12,7.14
random_forest_full_balanced,Zone_06,Zone_08,0,0.0
random_forest_full_balanced,Zone_06,Zone_09,0,0.0
random_forest_full_balanced,Zone_06,Zone_10,0,0.0
random_forest_full_balanced,Zone_07,Zone_01,0,0.0
random_forest_full_balanced,Zone_07,Zone_02,0,0.0
random_forest_full_balanced,Zone_07,Zone_03,0,0.0
random_forest_full_balanced,Zone_07,Zone_04,0,0.0
random_forest_full_balanced,Zone_07,Zone_05,0,0.0
random_forest_full_balanced,Zone_07,Zone_06,0,0.0
random_forest_full_balanced,Zone_07,Zone_07,840,77.28
random_forest_full_balanced,Zone_07,Zone_08,247,22.72
random_forest_full_balanced,Zone_07,Zone_09,0,0.0
random_forest_full_balanced,Zone_07,Zone_10,0,0.0
random_forest_full_balanced,Zone_08,Zone_01,0,0.0
random_forest_full_balanced,Zone_08,Zone_02,0,0.0
random_forest_full_balanced,Zone_08,Zone_03,0,0.0
random_forest_full_balanced,Zone_08,Zone_04,0,0.0
random_forest_full_balanced,Zone_08,Zone_05,0,0.0
random_forest_full_balanced,Zone_08,Zone_06,0,0.0
random_forest_full_balanced,Zone_08,Zone_07,52,5.99
random_forest_full_balanced,Zone_08,Zone_08,816,94.01
random_forest_full_balanced,Zone_08,Zone_09,0,0.0
random_forest_full_balanced,Zone_08,Zone_10,0,0.0
random_forest_full_balanced,Zone_09,Zone_01,0,0.0
random_forest_full_balanced,Zone_09,Zone_02,0,0.0
random_forest_full_balanced,Zone_09,Zone_03,0,0.0
random_forest_full_balanced,Zone_09,Zone_04,0,0.0
random_forest_full_balanced,Zone_09,Zone_05,0,0.0
random_forest_full_balanced,Zone_09,Zone_06,0,0.0
random_forest_full_balanced,Zone_09,Zone_07,0,0.0
random_forest_full_balanced,Zone_09,Zone_08,0,0.0
random_forest_full_balanced,Zone_09,Zone_09,46,100.0
random_forest_full_balanced,Zone_09,Zone_10,0,0.0
random_forest_full_balanced,Zone_10,Zone_01,0,0.0
random_forest_full_balanced,Zone_10,Zone_02,0,0.0
random_forest_full_balanced,Zone_10,Zone_03,0,0.0
random_forest_full_balanced,Zone_10,Zone_04,0,0.0
random_forest_full_balanced,Zone_10,Zone_05,0,0.0
random_forest_full_balanced,Zone_10,Zone_06,0,0.0
random_forest_full_balanced,Zone_10,Zone_07,0,0.0
random_forest_full_balanced,Zone_10,Zone_08,0,0.0
random_forest_full_balanced,Zone_10,Zone_09,0,0.0
random_forest_full_balanced,Zone_10,Zone_10,232,100.0
random_forest_blind_none,Zone_01,Zone_01,0,0.0
random_forest_blind_none,Zone_01,Zone_02,0,0.0
random_forest_blind_none,Zone_01,Zone_03,0,0.0
random_forest_blind_none,Zone_01,Zone_04,0,0.0
random_forest_blind_none,Zone_01,Zone_05,0,0.0
random_forest_blind_none,Zone_01,Zone_06,0,0.0
random_forest_blind_none,Zone_01,Zone_07,195,78.63
random_forest_blind_none,Zone_01,Zone_08,53,21.37
random_forest_blind_none,Zone_01,Zone_09,0,0.0
random_forest_blind_none,Zone_01,Zone_10,0,0.0
random_forest_blind_none,Zone_02,Zone_01,0,0.0
random_forest_blind_none,Zone_02,Zone_02,1,0.32
random_forest_blind_none,Zone_02,Zone_03,1,0.32
random_forest_blind_none,Zone_02,Zone_04,0,0.0
random_forest_blind_none,Zone_02,Zone_05,0,0.0
random_forest_blind_none,Zone_02,Zone_06,0,0.0
random_forest_blind_none,Zone_02,Zone_07,237,75.24
random_forest_blind_none,Zone_02,Zone_08,76,24.13
random_forest_blind_none,Zone_02,Zone_09,0,0.0
random_forest_blind_none,Zone_02,Zone_10,0,0.0
random_forest_blind_none,Zone_03,Zone_01,0,0.0
random_forest_blind_none,Zone_03,Zone_02,1,0.27
random_forest_blind_none,Zone_03,Zone_03,0,0.0
random_forest_blind_none,Zone_03,Zone_04,3,0.82
random_forest_blind_none,Zone_03,Zone_05,0,0.0
random_forest_blind_none,Zone_03,Zone_06,0,0.0
random_forest_blind_none,Zone_03,Zone_07,273,75.0
random_forest_blind_none,Zone_03,Zone_08,87,23.9
random_forest_blind_none,Zone_03,Zone_09,0,0.0
random_forest_blind_none,Zone_03,Zone_10,0,0.0
random_forest_blind_none,Zone_04,Zone_01,0,0.0
random_forest_blind_none,Zone_04,Zone_02,0,0.0
random_forest_blind_none,Zone_04,Zone_03,0,0.0
random_forest_blind_none,Zone_04,Zone_04,3,0.58
random_forest_blind_none,Zone_04,Zone_05,0,0.0
random_forest_blind_none,Zone_04,Zone_06,0,0.0
random_forest_blind_none,Zone_04,Zone_07,397,76.49
random_forest_blind_none,Zone_04,Zone_08,119,22.93
random_forest_blind_none,Zone_04,Zone_09,0,0.0
random_forest_blind_none,Zone_04,Zone_10,0,0.0
random_forest_blind_none,Zone_05,Zone_01,0,0.0
random_forest_blind_none,Zone_05,Zone_02,0,0.0
random_forest_blind_none,Zone_05,Zone_03,0,0.0
random_forest_blind_none,Zone_05,Zone_04,0,0.0
random_forest_blind_none,Zone_05,Zone_05,0,0.0
random_forest_blind_none,Zone_05,Zone_06,0,0.0
random_forest_blind_none,Zone_05,Zone_07,116,75.82
random_forest_blind_none,Zone_05,Zone_08,37,24.18
random_forest_blind_none,Zone_05,Zone_09,0,0.0
random_forest_blind_none,Zone_05,Zone_10,0,0.0
random_forest_blind_none,Zone_06,Zone_01,0,0.0
random_forest_blind_none,Zone_06,Zone_02,0,0.0
random_forest_blind_none,Zone_06,Zone_03,1,0.6
random_forest_blind_none,Zone_06,Zone_04,0,0.0
random_forest_blind_none,Zone_06,Zone_05,0,0.0
random_forest_blind_none,Zone_06,Zone_06,0,0.0
random_forest_blind_none,Zone_06,Zone_07,126,75.0
random_forest_blind_none,Zone_06,Zone_08,41,24.4
random_forest_blind_none,Zone_06,Zone_09,0,0.0
random_forest_blind_none,Zone_06,Zone_10,0,0.0
random_forest_blind_none,Zone_07,Zone_01,0,0.0
random_forest_blind_none,Zone_07,Zone_02,1,0.09
random_forest_blind_none,Zone_07,Zone_03,2,0.18
random_forest_blind_none,Zone_07,Zone_04,8,0.74
random_forest_blind_none,Zone_07,Zone_05,0,0.0
random_forest_blind_none,Zone_07,Zone_06,0,0.0
random_forest_blind_none,Zone_07,Zone_07,862,79.3
random_forest_blind_none,Zone_07,Zone_08,214,19.69
random_forest_blind_none,Zone_07,Zone_09,0,0.0
random_forest_blind_none,Zone_07,Zone_10,0,0.0
random_forest_blind_none,Zone_08,Zone_01,0,0.0
random_forest_blind_none,Zone_08,Zone_02,0,0.0
random_forest_blind_none,Zone_08,Zone_03,0,0.0
random_forest_blind_none,Zone_08,Zone_04,9,1.04
random_forest_blind_none,Zone_08,Zone_05,0,0.0
random_forest_blind_none,Zone_08,Zone_06,0,0.0
random_forest_blind_none,Zone_08,Zone_07,652,75.12
random_forest_blind_none,Zone_08,Zone_08,207,23.85
random_forest_blind_none,Zone_08,Zone_09,0,0.0
random_forest_blind_none,Zone_08,Zone_10,0,0.0
random_forest_blind_none,Zone_09,Zone_01,0,0.0
random_forest_blind_none,Zone_09,Zone_02,0,0.0
random_forest_blind_none,Zone_09,Zone_03,0,0.0
random_forest_blind_none,Zone_09,Zone_04,1,2.17
random_forest_blind_none,Zone_09,Zone_05,0,0.0
random_forest_blind_none,Zone_09,Zone_06,0,0.0
random_forest_blind_none,Zone_09,Zone_07,35,76.09
random_forest_blind_none,Zone_09,Zone_08,10,21.74
random_forest_blind_none,Zone_09,Zone_09,0,0.0
random_forest_blind_none,Zone_09,Zone_10,0,0.0
random_forest_blind_none,Zone_10,Zone_01,0,0.0
random_forest_blind_none,Zone_10,Zone_02,0,0.0
random_forest_blind_none,Zone_10,Zone_03,0,0.0
random_forest_blind_none,Zone_10,Zone_04,0,0.0
random_forest_blind_none,Zone_10,Zone_05,0,0.0
random_forest_blind_none,Zone_10,Zone_06,0,0.0
random_forest_blind_none,Zone_10,Zone_07,179,77.16
random_forest_blind_none,Zone_10,Zone_08,53,22.84
random_forest_blind_none,Zone_10,Zone_09,0,0.0
random_forest_blind_none,Zone_10,Zone_10,0,0.0
random_forest_blind_balanced,Zone_01,Zone_01,19,7.66
random_forest_blind_balanced,Zone_01,Zone_02,20,8.06
random_forest_blind_balanced,Zone_01,Zone_03,23,9.27
random_forest_blind_balanced,Zone_01,Zone_04,26,10.48
random_forest_blind_balanced,Zone_01,Zone_05,18,7.26
random_forest_blind_balanced,Zone_01,Zone_06,14,5.65
random_forest_blind_balanced,Zone_01,Zone_07,55,22.18
random_forest_blind_balanced,Zone_01,Zone_08,57,22.98
random_forest_blind_balanced,Zone_01,Zone_09,3,1.21
random_forest_blind_balanced,Zone_01,Zone_10,13,5.24
random_forest_blind_balanced,Zone_02,Zone_01,32,10.16
random_forest_blind_balanced,Zone_02,Zone_02,24,7.62
random_forest_blind_balanced,Zone_02,Zone_03,22,6.98
random_forest_blind_balanced,Zone_02,Zone_04,37,11.75
random_forest_blind_balanced,Zone_02,Zone_05,13,4.13
random_forest_blind_balanced,Zone_02,Zone_06,21,6.67
random_forest_blind_balanced,Zone_02,Zone_07,65,20.63
random_forest_blind_balanced,Zone_02,Zone_08,59,18.73
random_forest_blind_balanced,Zone_02,Zone_09,11,3.49
random_forest_blind_balanced,Zone_02,Zone_10,31,9.84
random_forest_blind_balanced,Zone_03,Zone_01,26,7.14
random_forest_blind_balanced,Zone_03,Zone_02,33,9.07
random_forest_blind_balanced,Zone_03,Zone_03,26,7.14
random_forest_blind_balanced,Zone_03,Zone_04,48,13.19
random_forest_blind_balanced,Zone_03,Zone_05,8,2.2
random_forest_blind_balanced,Zone_03,Zone_06,24,6.59
random_forest_blind_balanced,Zone_03,Zone_07,88,24.18
random_forest_blind_balanced,Zone_03,Zone_08,80,21.98
random_forest_blind_balanced,Zone_03,Zone_09,6,1.65
random_forest_blind_balanced,Zone_03,Zone_10,25,6.87
random_forest_blind_balanced,Zone_04,Zone_01,41,7.9
random_forest_blind_balanced,Zone_04,Zone_02,46,8.86
random_forest_blind_balanced,Zone_04,Zone_03,49,9.44
random_forest_blind_balanced,Zone_04,Zone_04,53,10.21
random_forest_blind_balanced,Zone_04,Zone_05,33,6.36
random_forest_blind_balanced,Zone_04,Zone_06,26,5.01
random_forest_blind_balanced,Zone_04,Zone_07,135,26.01
random_forest_blind_balanced,Zone_04,Zone_08,97,18.69
random_forest_blind_balanced,Zone_04,Zone_09,7,1.35
random_forest_blind_balanced,Zone_04,Zone_10,32,6.17
random_forest_blind_balanced,Zone_05,Zone_01,17,11.11
random_forest_blind_balanced,Zone_05,Zone_02,14,9.15
random_forest_blind_balanced,Zone_05,Zone_03,17,11.11
random_forest_blind_balanced,Zone_05,Zone_04,19,12.42
random_forest_blind_balanced,Zone_05,Zone_05,4,2.61
random_forest_blind_balanced,Zone_05,Zone_06,10,6.54
random_forest_blind_balanced,Zone_05,Zone_07,26,16.99
random_forest_blind_balanced,Zone_05,Zone_08,36,23.53
random_forest_blind_balanced,Zone_05,Zone_09,2,1.31
random_forest_blind_balanced,Zone_05,Zone_10,8,5.23
random_forest_blind_balanced,Zone_06,Zone_01,17,10.12
random_forest_blind_balanced,Zone_06,Zone_02,11,6.55
random_forest_blind_balanced,Zone_06,Zone_03,17,10.12
random_forest_blind_balanced,Zone_06,Zone_04,16,9.52
random_forest_blind_balanced,Zone_06,Zone_05,11,6.55
random_forest_blind_balanced,Zone_06,Zone_06,6,3.57
random_forest_blind_balanced,Zone_06,Zone_07,40,23.81
random_forest_blind_balanced,Zone_06,Zone_08,30,17.86
random_forest_blind_balanced,Zone_06,Zone_09,1,0.6
random_forest_blind_balanced,Zone_06,Zone_10,19,11.31
random_forest_blind_balanced,Zone_07,Zone_01,85,7.82
random_forest_blind_balanced,Zone_07,Zone_02,114,10.49
random_forest_blind_balanced,Zone_07,Zone_03,88,8.1
random_forest_blind_balanced,Zone_07,Zone_04,147,13.52
random_forest_blind_balanced,Zone_07,Zone_05,47,4.32
random_forest_blind_balanced,Zone_07,Zone_06,74,6.81
random_forest_blind_balanced,Zone_07,Zone_07,255,23.46
random_forest_blind_balanced,Zone_07,Zone_08,179,16.47
random_forest_blind_balanced,Zone_07,Zone_09,19,1.75
random_forest_blind_balanced,Zone_07,Zone_10,79,7.27
random_forest_blind_balanced,Zone_08,Zone_01,63,7.26
random_forest_blind_balanced,Zone_08,Zone_02,76,8.76
random_forest_blind_balanced,Zone_08,Zone_03,87,10.02
random_forest_blind_balanced,Zone_08,Zone_04,109,12.56
random_forest_blind_balanced,Zone_08,Zone_05,36,4.15
random_forest_blind_balanced,Zone_08,Zone_06,45,5.18
random_forest_blind_balanced,Zone_08,Zone_07,176,20.28
random_forest_blind_balanced,Zone_08,Zone_08,189,21.77
random_forest_blind_balanced,Zone_08,Zone_09,11,1.27
random_forest_blind_balanced,Zone_08,Zone_10,76,8.76
random_forest_blind_balanced,Zone_09,Zone_01,6,13.04
random_forest_blind_balanced,Zone_09,Zone_02,2,4.35
random_forest_blind_balanced,Zone_09,Zone_03,0,0.0
random_forest_blind_balanced,Zone_09,Zone_04,11,23.91
random_forest_blind_balanced,Zone_09,Zone_05,2,4.35
random_forest_blind_balanced,Zone_09,Zone_06,2,4.35
random_forest_blind_balanced,Zone_09,Zone_07,11,23.91
random_forest_blind_balanced,Zone_09,Zone_08,10,21.74
random_forest_blind_balanced,Zone_09,Zone_09,0,0.0
random_forest_blind_balanced,Zone_09,Zone_10,2,4.35
random_forest_blind_balanced,Zone_10,Zone_01,14,6.03
random_forest_blind_balanced,Zone_10,Zone_02,16,6.9
random_forest_blind_balanced,Zone_10,Zone_03,20,8.62
random_forest_blind_balanced,Zone_10,Zone_04,23,9.91
random_forest_blind_balanced,Zone_10,Zone_05,11,4.74
random_forest_blind_balanced,Zone_10,Zone_06,15,6.47
random_forest_blind_balanced,Zone_10,Zone_07,59,25.43
random_forest_blind_balanced,Zone_10,Zone_08,56,24.14
random_forest_blind_balanced,Zone_10,Zone_09,5,2.16
random_forest_blind_balanced,Zone_10,Zone_10,13,5.6
