model_id,withdrawal_zone,TP,FP,FN,precision,recall,f1_score,support
logistic_full_none,Zone_01,248,0,0,1.0,1.0,1.0,248
logistic_full_none,Zone_02,315,0,0,1.0,1.0,1.0,315
logistic_full_none,Zone_03,364,0,0,1.0,1.0,1.0,364
logistic_full_none,Zone_04,519,0,0,1.0,1.0,1.0,519
logistic_full_none,Zone_05,153,0,0,1.0,1.0,1.0,153
logistic_full_none,Zone_06,156,0,12,1.0,0.9286,0.963,168
logistic_full_none,Zone_07,897,108,190,0.8925,0.8252,0.8575,1087
logistic_full_none,Zone_08,772,190,96,0.8025,0.8894,0.8437,868
logistic_full_none,Zone_09,46,0,0,1.0,1.0,1.0,46
logistic_full_none,Zone_10,232,0,0,1.0,1.0,1.0,232
logistic_full_balanced,Zone_01,248,0,0,1.0,1.0,1.0,248
logistic_full_balanced,Zone_02,315,0,0,1.0,1.0,1.0,315
logistic_full_balanced,Zone_03,364,0,0,1.0,1.0,1.0,364
logistic_full_balanced,Zone_04,519,0,0,1.0,1.0,1.0,519
logistic_full_balanced,Zone_05,153,0,0,1.0,1.0,1.0,153
logistic_full_balanced,Zone_06,157,7,11,0.9573,0.9345,0.9458,168
logistic_full_balanced,Zone_07,861,80,226,0.915,0.7921,0.8491,1087
logistic_full_balanced,Zone_08,799,219,69,0.7849,0.9205,0.8473,868
logistic_full_balanced,Zone_09,46,0,0,1.0,1.0,1.0,46
logistic_full_balanced,Zone_10,232,0,0,1.0,1.0,1.0,232
logistic_blind_none,Zone_01,0,0,248,0.0,0.0,0.0,248
logistic_blind_none,Zone_02,0,0,315,0.0,0.0,0.0,315
logistic_blind_none,Zone_03,0,0,364,0.0,0.0,0.0,364
logistic_blind_none,Zone_04,0,0,519,0.0,0.0,0.0,519
logistic_blind_none,Zone_05,0,0,153,0.0,0.0,0.0,153
logistic_blind_none,Zone_06,0,0,168,0.0,0.0,0.0,168
logistic_blind_none,Zone_07,869,2164,218,0.2865,0.7994,0.4218,1087
logistic_blind_none,Zone_08,244,723,624,0.2523,0.2811,0.2659,868
logistic_blind_none,Zone_09,0,0,46,0.0,0.0,0.0,46
logistic_blind_none,Zone_10,0,0,232,0.0,0.0,0.0,232
logistic_blind_balanced,Zone_01,27,330,221,0.0756,0.1089,0.0892,248
logistic_blind_balanced,Zone_02,19,336,296,0.0535,0.0603,0.0567,315
logistic_blind_balanced,Zone_03,27,300,337,0.0826,0.0742,0.0782,364
logistic_blind_balanced,Zone_04,26,212,493,0.1092,0.0501,0.0687,519
logistic_blind_balanced,Zone_05,16,437,137,0.0353,0.1046,0.0528,153
logistic_blind_balanced,Zone_06,17,500,151,0.0329,0.1012,0.0497,168
logistic_blind_balanced,Zone_07,115,242,972,0.3221,0.1058,0.1593,1087
logistic_blind_balanced,Zone_08,71,204,797,0.2582,0.0818,0.1242,868
logistic_blind_balanced,Zone_09,6,863,40,0.0069,0.1304,0.0131,46
logistic_blind_balanced,Zone_10,14,238,218,0.0556,0.0603,0.0579,232
knn_full,Zone_01,248,2,0,0.992,1.0,0.996,248
knn_full,Zone_02,315,1,0,0.9968,1.0,0.9984,315
knn_full,Zone_03,363,1,1,0.9973,0.9973,0.9973,364
knn_full,Zone_04,517,0,2,1.0,0.9961,0.998,519
knn_full,Zone_05,152,0,1,1.0,0.9935,0.9967,153
knn_full,Zone_06,151,1,17,0.9934,0.8988,0.9437,168
knn_full,Zone_07,899,169,188,0.8418,0.827,0.8343,1087
knn_full,Zone_08,716,189,152,0.7912,0.8249,0.8077,868
knn_full,Zone_09,41,0,5,1.0,0.8913,0.9425,46
knn_full,Zone_10,232,3,0,0.9872,1.0,0.9936,232
knn_blind,Zone_01,18,363,230,0.0472,0.0726,0.0572,248
knn_blind,Zone_02,36,343,279,0.095,0.1143,0.1038,315
knn_blind,Zone_03,22,334,342,0.0618,0.0604,0.0611,364
knn_blind,Zone_04,65,408,454,0.1374,0.1252,0.131,519
knn_blind,Zone_05,1,52,152,0.0189,0.0065,0.0097,153
knn_blind,Zone_06,1,63,167,0.0156,0.006,0.0087,168
knn_blind,Zone_07,373,1029,714,0.266,0.3431,0.2997,1087
knn_blind,Zone_08,178,642,690,0.2171,0.2051,0.2109,868
knn_blind,Zone_09,0,2,46,0.0,0.0,0.0,46
knn_blind,Zone_10,2,68,230,0.0286,0.0086,0.0132,232
decision_tree_full_none,Zone_01,248,0,0,1.0,1.0,1.0,248
decision_tree_full_none,Zone_02,315,0,0,1.0,1.0,1.0,315
decision_tree_full_none,Zone_03,364,0,0,1.0,1.0,1.0,364
decision_tree_full_none,Zone_04,519,0,0,1.0,1.0,1.0,519
decision_tree_full_none,Zone_05,153,0,0,1.0,1.0,1.0,153
decision_tree_full_none,Zone_06,156,0,12,1.0,0.9286,0.963,168
decision_tree_full_none,Zone_07,884,140,203,0.8633,0.8132,0.8375,1087
decision_tree_full_none,Zone_08,740,203,128,0.7847,0.8525,0.8172,868
decision_tree_full_none,Zone_09,46,0,0,1.0,1.0,1.0,46
decision_tree_full_none,Zone_10,232,0,0,1.0,1.0,1.0,232
decision_tree_full_balanced,Zone_01,248,0,0,1.0,1.0,1.0,248
decision_tree_full_balanced,Zone_02,315,0,0,1.0,1.0,1.0,315
decision_tree_full_balanced,Zone_03,364,0,0,1.0,1.0,1.0,364
decision_tree_full_balanced,Zone_04,519,0,0,1.0,1.0,1.0,519
decision_tree_full_balanced,Zone_05,153,0,0,1.0,1.0,1.0,153
decision_tree_full_balanced,Zone_06,157,6,11,0.9632,0.9345,0.9486,168
decision_tree_full_balanced,Zone_07,833,68,254,0.9245,0.7663,0.838,1087
decision_tree_full_balanced,Zone_08,811,248,57,0.7658,0.9343,0.8417,868
decision_tree_full_balanced,Zone_09,46,0,0,1.0,1.0,1.0,46
decision_tree_full_balanced,Zone_10,232,0,0,1.0,1.0,1.0,232
decision_tree_blind_none,Zone_01,3,47,245,0.06,0.0121,0.0201,248
decision_tree_blind_none,Zone_02,6,87,309,0.0645,0.019,0.0294,315
decision_tree_blind_none,Zone_03,8,87,356,0.0842,0.022,0.0349,364
decision_tree_blind_none,Zone_04,29,180,490,0.1388,0.0559,0.0797,519
decision_tree_blind_none,Zone_05,0,9,153,0.0,0.0,0.0,153
decision_tree_blind_none,Zone_06,0,4,168,0.0,0.0,0.0,168
decision_tree_blind_none,Zone_07,761,1923,326,0.2835,0.7001,0.4036,1087
decision_tree_blind_none,Zone_08,178,654,690,0.2139,0.2051,0.2094,868
decision_tree_blind_none,Zone_09,0,3,46,0.0,0.0,0.0,46
decision_tree_blind_none,Zone_10,3,18,229,0.1429,0.0129,0.0237,232
decision_tree_blind_balanced,Zone_01,50,788,198,0.0597,0.2016,0.0921,248
decision_tree_blind_balanced,Zone_02,28,508,287,0.0522,0.0889,0.0658,315
decision_tree_blind_balanced,Zone_03,26,263,338,0.09,0.0714,0.0796,364
decision_tree_blind_balanced,Zone_04,36,237,483,0.1319,0.0694,0.0909,519
decision_tree_blind_balanced,Zone_05,20,458,133,0.0418,0.1307,0.0633,153
decision_tree_blind_balanced,Zone_06,16,310,152,0.0491,0.0952,0.0648,168
decision_tree_blind_balanced,Zone_07,26,67,1061,0.2796,0.0239,0.044,1087
decision_tree_blind_balanced,Zone_08,29,76,839,0.2762,0.0334,0.0596,868
decision_tree_blind_balanced,Zone_09,3,322,43,0.0092,0.0652,0.0161,46
decision_tree_blind_balanced,Zone_10,49,688,183,0.0665,0.2112,0.1012,232
random_forest_full_none,Zone_01,248,0,0,1.0,1.0,1.0,248
random_forest_full_none,Zone_02,315,0,0,1.0,1.0,1.0,315
random_forest_full_none,Zone_03,364,0,0,1.0,1.0,1.0,364
random_forest_full_none,Zone_04,519,0,0,1.0,1.0,1.0,519
random_forest_full_none,Zone_05,153,0,0,1.0,1.0,1.0,153
random_forest_full_none,Zone_06,156,0,12,1.0,0.9286,0.963,168
random_forest_full_none,Zone_07,856,75,231,0.9194,0.7875,0.8484,1087
random_forest_full_none,Zone_08,805,231,63,0.777,0.9274,0.8456,868
random_forest_full_none,Zone_09,46,0,0,1.0,1.0,1.0,46
random_forest_full_none,Zone_10,232,0,0,1.0,1.0,1.0,232
random_forest_full_balanced,Zone_01,248,0,0,1.0,1.0,1.0,248
random_forest_full_balanced,Zone_02,315,0,0,1.0,1.0,1.0,315
random_forest_full_balanced,Zone_03,364,0,0,1.0,1.0,1.0,364
random_forest_full_balanced,Zone_04,519,0,0,1.0,1.0,1.0,519
random_forest_full_balanced,Zone_05,153,0,0,1.0,1.0,1.0,153
random_forest_full_balanced,Zone_06,156,0,12,1.0,0.9286,0.963,168
random_forest_full_balanced,Zone_07,840,64,247,0.9292,0.7728,0.8438,1087
random_forest_full_balanced,Zone_08,816,247,52,0.7676,0.9401,0.8451,868
random_forest_full_balanced,Zone_09,46,0,0,1.0,1.0,1.0,46
random_forest_full_balanced,Zone_10,232,0,0,1.0,1.0,1.0,232
random_forest_blind_none,Zone_01,0,0,248,0.0,0.0,0.0,248
random_forest_blind_none,Zone_02,1,2,314,0.3333,0.0032,0.0063,315
random_forest_blind_none,Zone_03,0,4,364,0.0,0.0,0.0,364
random_forest_blind_none,Zone_04,3,21,516,0.125,0.0058,0.0111,519
random_forest_blind_none,Zone_05,0,0,153,0.0,0.0,0.0,153
random_forest_blind_none,Zone_06,0,0,168,0.0,0.0,0.0,168
random_forest_blind_none,Zone_07,862,2210,225,0.2806,0.793,0.4145,1087
random_forest_blind_none,Zone_08,207,690,661,0.2308,0.2385,0.2346,868
random_forest_blind_none,Zone_09,0,0,46,0.0,0.0,0.0,46
random_forest_blind_none,Zone_10,0,0,232,0.0,0.0,0.0,232
random_forest_blind_balanced,Zone_01,19,301,229,0.0594,0.0766,0.0669,248
random_forest_blind_balanced,Zone_02,24,332,291,0.0674,0.0762,0.0715,315
random_forest_blind_balanced,Zone_03,26,323,338,0.0745,0.0714,0.0729,364
random_forest_blind_balanced,Zone_04,53,436,466,0.1084,0.1021,0.1052,519
random_forest_blind_balanced,Zone_05,4,179,149,0.0219,0.0261,0.0238,153
random_forest_blind_balanced,Zone_06,6,231,162,0.0253,0.0357,0.0296,168
random_forest_blind_balanced,Zone_07,255,655,832,0.2802,0.2346,0.2554,1087
random_forest_blind_balanced,Zone_08,189,604,679,0.2383,0.2177,0.2275,868
random_forest_blind_balanced,Zone_09,0,65,46,0.0,0.0,0.0,46
random_forest_blind_balanced,Zone_10,13,285,219,0.0436,0.056,0.049,232
